Workbook

Sheet Hướng dẫn
A1: CỘI: Phép thử 14 đêm trước khi code
A3: Mục đích | B3: Chạy logic dữ liệu của lớp Giấc ngủ trên 20 người thật qua Zalo. Sáng nhắn 4 câu, tối nhắn 4 câu, điền vào trang Nhật ký. Ngày 15 đọc trang Tổng kết để biết AN sẽ mời ai sang Xả áp lực, ai sang Hồi sinh lực.
A4: Trang Ngưỡng | B4: Mọi ngưỡng của logic nằm ở đây, ô vàng. Đổi ngưỡng thì toàn bộ Tổng kết tính lại. Không sửa công thức ở nơi khác.
A5: Trang Nhật ký | B5: Mỗi người 14 dòng, đã tạo sẵn P01 đến P20. Chỉ điền cột E đến M (ô vàng). Cột N trở đi là công thức, màu xám, không sửa. P01 và P02 là dữ liệu ví dụ, xóa trước khi nhập thật.
A6: Câu hỏi sáng | B6: vao_giac: tối qua vào giấc thế nào (1 khó, 5 dễ). tinh_dem: tỉnh giữa đêm mấy lần (0, 1, 2 là 2 trở lên). sang_day: sáng nay người ra sao (1 mệt, 5 khỏe). dau_truoc_ngu: lúc nằm xuống đầu thế nào (Yên / Nghĩ nhiều / Lo hồi hộp / Bực).
A7: Câu hỏi tối | B7: cang_ngay: hôm nay căng mức mấy (1 đến 5). nguon_cang: chỉ hỏi khi căng từ 4 (Việc / Tiền / Người / Không rõ). gio_an_toi: ăn tối xong lúc mấy giờ. gio_tat_den: dự định tắt đèn lúc. xong_viec: có làm Việc Tối không (1 hoặc 0), từ ngày 5.
A8: Điểm Sáng | B8: Điểm = 10 × (vao_giac − 1) + 10 × (sang_day − 1) + 10 × (2 − min(tinh_dem, 2)). Thang 0 đến 100. Từ 80 là đêm đạt ngưỡng, dưới 60 là đêm vỡ.
A9: Trang Tổng kết | B9: Một dòng mỗi người. Cột KẾT LUẬN NGÀY 15 chạy theo thứ tự: đủ 10 ngày dữ liệu; ngủ bám rễ chưa (chưa thì gia hạn, trừ khi ngủ thuần đã tốt mà sáng vẫn mệt thì mời Hồi sinh lực); loại trừ gốc tiêu hóa (cần từ 4 đêm ăn muộn); mời Xả áp lực (cần từ 3 ngày căng và liên kết căng với đêm vỡ); mời Hồi sinh lực; còn lại vào Cổng Khỏe. Cột LỜI MỜI ghép từ số của chính người đó. Cột Cờ an toàn báo trường hợp cần người thật.
A10: Trang Lịch 14 đêm | B10: Gõ mã người vào ô B2 để xem 14 ô như màn hình 'Xem 14 đêm của tôi' trong app: ô tối là đêm vỡ, ô đỏ là ngày căng.
A11: Trang Tổng quan | B11: Đếm kết quả cả nhóm. Mũi khoan đúng khi hơn một nửa bám rễ.
A12: Màu | B12: Chữ xanh dương trên nền vàng: ô nhập. Chữ đen: công thức. Chữ xanh lá: lấy từ trang khác.

Sheet Ngưỡng
A1: Ngưỡng của logic dữ liệu CỘI (ô vàng là ô được phép sửa)
A2: Điểm Sáng | D2: Nhãn nguồn căng
A3: Đêm đạt ngưỡng khi Điểm Sáng từ | B3: 80 | D3: Việc | E3: Tiền | F3: Người | G3: Không rõ
A4: Đêm vỡ khi Điểm Sáng dưới | B4: 60
A5: Ngày căng khi cang_ngay từ | B5: 4 | D5: Nhãn đầu trước ngủ
A6: Ăn muộn khi ăn tối xong sau (giờ) | B6: 0.83333333 | D6: Yên | E6: Nghĩ nhiều | F6: Lo hồi hộp | G6: Bực
A7: Bước 0: đủ dữ liệu
A8: Số ngày đủ dữ liệu tối thiểu | B8: 10
A9: Số ngày căng tối thiểu | B9: 3
A10: Bước 1: bám rễ
A11: Điểm TB tuần 2 cao hơn tuần 1 ít nhất | B11: 8
A12: Số đêm đạt ngưỡng tuần 2 tối thiểu | B12: 4
A13: Bước 3: mời Xả áp lực
A14: Chênh lệch (vỡ khi căng trừ vỡ khi yên) tối thiểu | B14: 0.35
A15: Tỷ lệ vỡ khi căng tối thiểu | B15: 0.5
A16: Tỷ lệ đầu không yên tối thiểu | B16: 0.4
A17: Hoặc số ngày căng tuần 2 tối thiểu | B17: 3
A18: Bước 4: mời Hồi sinh lực
A19: Sáng dậy TB trong đêm tốt dưới | B19: 3
A20: Ngưỡng an toàn
A21: Căng mức 5 liên tiếp (ngày) | B21: 3
A22: Đêm 'Lo hồi hộp' trong 14 đêm từ | B22: 7
A23: Tỉnh đêm 2 lần trở lên liên tiếp (đêm) | B23: 10
A24: Thiếu dữ liệu liên tiếp (ngày) | B24: 4
A25: Bổ sung
A26: Số đêm ăn muộn tối thiểu để xét gốc tiêu hóa | B26: 4
A27: Ngủ thuần TB tuần 2 từ (xét sinh khí khi chưa bám rễ) | B27: 75
A29: Nguồn: các ngưỡng là giả định ban đầu của nhóm sản phẩm CỘI, chưa có số liệu thực nghiệm. Chỉnh sau phép thử 20 người.

Sheet Nhật ký
A1: Mã người | B1: Ngày | C1: Tuần | D1: Thứ | E1: vao_giac (1-5) | F1: tinh_dem (0-2) | G1: sang_day (1-5) | H1: dau_truoc_ngu | I1: cang_ngay (1-5) | J1: nguon_cang | K1: gio_an_toi | L1: gio_tat_den | M1: xong_viec (1/0) | N1: Điểm Sáng | O1: Đủ dữ liệu | P1: Đêm vỡ | Q1: Ngày căng | R1: Đầu không yên | S1: Ăn muộn | T1: Đêm đạt ngưỡng | U1: Căng 5 liên tiếp | V1: Tỉnh ≥2 liên tiếp | W1: Thiếu DL liên tiếp | X1: Điểm ngủ thuần
A2: P01 | B2: 1 | C2: =IF(B2<=7,1,2) -> 1 | E2: 2 | F2: 1 | G2: 2 | H2: Nghĩ nhiều | I2: 4 | J2: Việc | K2: 0.85416667 | L2: 0.010416667 | N2: =IF(OR(E2="",F2="",G2=""),"",10*(E2-1)+10*(G2-1)+10*(2-MIN(F2,2))) -> 30 | O2: =IF(AND(N2<>"",I2<>""),1,0) -> 1 | P2: =IF(N2="","",IF(N2<Ngưỡng!$B$4,1,0)) -> 1 | Q2: =IF(I2="","",IF(I2>=Ngưỡng!$B$5,1,0)) -> 1 | R2: =IF(H2="","",IF(H2<>"Yên",1,0)) -> 1 | S2: =IF(K2="","",IF(K2>Ngưỡng!$B$6,1,0)) -> 1 | T2: =IF(N2="","",IF(N2>=Ngưỡng!$B$3,1,0)) -> 0 | U2: =IF(I2=5,0+1,0) -> 0 | V2: =IF(AND(F2<>"",F2>=2),0+1,0) -> 0 | W2: =IF(O2=0,0+1,0) -> 0 | X2: =IF(OR(E2="",F2=""),"",ROUND((10*(E2-1)+10*(2-MIN(F2,2)))/60*100,0)) -> 33
A3: P01 | B3: 2 | C3: =IF(B3<=7,1,2) -> 1 | E3: 3 | F3: 1 | G3: 3 | H3: Yên | I3: 2 | K3: 0.8125 | L3: 0.98611111 | N3: =IF(OR(E3="",F3="",G3=""),"",10*(E3-1)+10*(G3-1)+10*(2-MIN(F3,2))) -> 50 | O3: =IF(AND(N3<>"",I3<>""),1,0) -> 1 | P3: =IF(N3="","",IF(N3<Ngưỡng!$B$4,1,0)) -> 1 | Q3: =IF(I3="","",IF(I3>=Ngưỡng!$B$5,1,0)) -> 0 | R3: =IF(H3="","",IF(H3<>"Yên",1,0)) -> 0 | S3: =IF(K3="","",IF(K3>Ngưỡng!$B$6,1,0)) -> 0 | T3: =IF(N3="","",IF(N3>=Ngưỡng!$B$3,1,0)) -> 0 | U3: =IF(I3=5,U2+1,0) -> 0 | V3: =IF(AND(F3<>"",F3>=2),V2+1,0) -> 0 | W3: =IF(O3=0,W2+1,0) -> 0 | X3: =IF(OR(E3="",F3=""),"",ROUND((10*(E3-1)+10*(2-MIN(F3,2)))/60*100,0)) -> 50
A4: P01 | B4: 3 | C4: =IF(B4<=7,1,2) -> 1 | E4: 2 | F4: 2 | G4: 2 | H4: Bực | I4: 5 | J4: Việc | K4: 0.875 | L4: 0.020833333 | N4: =IF(OR(E4="",F4="",G4=""),"",10*(E4-1)+10*(G4-1)+10*(2-MIN(F4,2))) -> 20 | O4: =IF(AND(N4<>"",I4<>""),1,0) -> 1 | P4: =IF(N4="","",IF(N4<Ngưỡng!$B$4,1,0)) -> 1 | Q4: =IF(I4="","",IF(I4>=Ngưỡng!$B$5,1,0)) -> 1 | R4: =IF(H4="","",IF(H4<>"Yên",1,0)) -> 1 | S4: =IF(K4="","",IF(K4>Ngưỡng!$B$6,1,0)) -> 1 | T4: =IF(N4="","",IF(N4>=Ngưỡng!$B$3,1,0)) -> 0 | U4: =IF(I4=5,U3+1,0) -> 1 | V4: =IF(AND(F4<>"",F4>=2),V3+1,0) -> 1 | W4: =IF(O4=0,W3+1,0) -> 0 | X4: =IF(OR(E4="",F4=""),"",ROUND((10*(E4-1)+10*(2-MIN(F4,2)))/60*100,0)) -> 17
A5: P01 | B5: 4 | C5: =IF(B5<=7,1,2) -> 1 | E5: 3 | F5: 0 | G5: 3 | H5: Yên | I5: 3 | K5: 0.82291667 | L5: 0.97916667 | N5: =IF(OR(E5="",F5="",G5=""),"",10*(E5-1)+10*(G5-1)+10*(2-MIN(F5,2))) -> 60 | O5: =IF(AND(N5<>"",I5<>""),1,0) -> 1 | P5: =IF(N5="","",IF(N5<Ngưỡng!$B$4,1,0)) -> 0 | Q5: =IF(I5="","",IF(I5>=Ngưỡng!$B$5,1,0)) -> 0 | R5: =IF(H5="","",IF(H5<>"Yên",1,0)) -> 0 | S5: =IF(K5="","",IF(K5>Ngưỡng!$B$6,1,0)) -> 0 | T5: =IF(N5="","",IF(N5>=Ngưỡng!$B$3,1,0)) -> 0 | U5: =IF(I5=5,U4+1,0) -> 0 | V5: =IF(AND(F5<>"",F5>=2),V4+1,0) -> 0 | W5: =IF(O5=0,W4+1,0) -> 0 | X5: =IF(OR(E5="",F5=""),"",ROUND((10*(E5-1)+10*(2-MIN(F5,2)))/60*100,0)) -> 67
A6: P01 | B6: 5 | C6: =IF(B6<=7,1,2) -> 1 | E6: 2 | F6: 1 | G6: 2 | H6: Nghĩ nhiều | I6: 4 | J6: Người | K6: 0.83333333 | L6: 0 | M6: 1 | N6: =IF(OR(E6="",F6="",G6=""),"",10*(E6-1)+10*(G6-1)+10*(2-MIN(F6,2))) -> 30 | O6: =IF(AND(N6<>"",I6<>""),1,0) -> 1 | P6: =IF(N6="","",IF(N6<Ngưỡng!$B$4,1,0)) -> 1 | Q6: =IF(I6="","",IF(I6>=Ngưỡng!$B$5,1,0)) -> 1 | R6: =IF(H6="","",IF(H6<>"Yên",1,0)) -> 1 | S6: =IF(K6="","",IF(K6>Ngưỡng!$B$6,1,0)) -> 0 | T6: =IF(N6="","",IF(N6>=Ngưỡng!$B$3,1,0)) -> 0 | U6: =IF(I6=5,U5+1,0) -> 0 | V6: =IF(AND(F6<>"",F6>=2),V5+1,0) -> 0 | W6: =IF(O6=0,W5+1,0) -> 0 | X6: =IF(OR(E6="",F6=""),"",ROUND((10*(E6-1)+10*(2-MIN(F6,2)))/60*100,0)) -> 33
A7: P01 | B7: 6 | C7: =IF(B7<=7,1,2) -> 1 | E7: 4 | F7: 0 | G7: 3 | H7: Yên | I7: 2 | K7: 0.80208333 | L7: 0.96875 | M7: 1 | N7: =IF(OR(E7="",F7="",G7=""),"",10*(E7-1)+10*(G7-1)+10*(2-MIN(F7,2))) -> 70 | O7: =IF(AND(N7<>"",I7<>""),1,0) -> 1 | P7: =IF(N7="","",IF(N7<Ngưỡng!$B$4,1,0)) -> 0 | Q7: =IF(I7="","",IF(I7>=Ngưỡng!$B$5,1,0)) -> 0 | R7: =IF(H7="","",IF(H7<>"Yên",1,0)) -> 0 | S7: =IF(K7="","",IF(K7>Ngưỡng!$B$6,1,0)) -> 0 | T7: =IF(N7="","",IF(N7>=Ngưỡng!$B$3,1,0)) -> 0 | U7: =IF(I7=5,U6+1,0) -> 0 | V7: =IF(AND(F7<>"",F7>=2),V6+1,0) -> 0 | W7: =IF(O7=0,W6+1,0) -> 0 | X7: =IF(OR(E7="",F7=""),"",ROUND((10*(E7-1)+10*(2-MIN(F7,2)))/60*100,0)) -> 83
A8: P01 | B8: 7 | C8: =IF(B8<=7,1,2) -> 1 | E8: 4 | F8: 0 | G8: 4 | H8: Yên | I8: 2 | K8: 0.79166667 | L8: 0.95833333 | M8: 1 | N8: =IF(OR(E8="",F8="",G8=""),"",10*(E8-1)+10*(G8-1)+10*(2-MIN(F8,2))) -> 80 | O8: =IF(AND(N8<>"",I8<>""),1,0) -> 1 | P8: =IF(N8="","",IF(N8<Ngưỡng!$B$4,1,0)) -> 0 | Q8: =IF(I8="","",IF(I8>=Ngưỡng!$B$5,1,0)) -> 0 | R8: =IF(H8="","",IF(H8<>"Yên",1,0)) -> 0 | S8: =IF(K8="","",IF(K8>Ngưỡng!$B$6,1,0)) -> 0 | T8: =IF(N8="","",IF(N8>=Ngưỡng!$B$3,1,0)) -> 1 | U8: =IF(I8=5,U7+1,0) -> 0 | V8: =IF(AND(F8<>"",F8>=2),V7+1,0) -> 0 | W8: =IF(O8=0,W7+1,0) -> 0 | X8: =IF(OR(E8="",F8=""),"",ROUND((10*(E8-1)+10*(2-MIN(F8,2)))/60*100,0)) -> 83
A9: P01 | B9: 8 | C9: =IF(B9<=7,1,2) -> 2 | E9: 3 | F9: 1 | G9: 3 | H9: Nghĩ nhiều | I9: 4 | J9: Việc | K9: 0.8125 | L9: 0.97916667 | M9: 1 | N9: =IF(OR(E9="",F9="",G9=""),"",10*(E9-1)+10*(G9-1)+10*(2-MIN(F9,2))) -> 50 | O9: =IF(AND(N9<>"",I9<>""),1,0) -> 1 | P9: =IF(N9="","",IF(N9<Ngưỡng!$B$4,1,0)) -> 1 | Q9: =IF(I9="","",IF(I9>=Ngưỡng!$B$5,1,0)) -> 1 | R9: =IF(H9="","",IF(H9<>"Yên",1,0)) -> 1 | S9: =IF(K9="","",IF(K9>Ngưỡng!$B$6,1,0)) -> 0 | T9: =IF(N9="","",IF(N9>=Ngưỡng!$B$3,1,0)) -> 0 | U9: =IF(I9=5,U8+1,0) -> 0 | V9: =IF(AND(F9<>"",F9>=2),V8+1,0) -> 0 | W9: =IF(O9=0,W8+1,0) -> 0 | X9: =IF(OR(E9="",F9=""),"",ROUND((10*(E9-1)+10*(2-MIN(F9,2)))/60*100,0)) -> 50
A10: P01 | B10: 9 | C10: =IF(B10<=7,1,2) -> 2 | E10: 4 | F10: 0 | G10: 4 | H10: Yên | I10: 3 | K10: 0.80555556 | L10: 0.95833333 | M10: 1 | N10: =IF(OR(E10="",F10="",G10=""),"",10*(E10-1)+10*(G10-1)+10*(2-MIN(F10,2))) -> 80 | O10: =IF(AND(N10<>"",I10<>""),1,0) -> 1 | P10: =IF(N10="","",IF(N10<Ngưỡng!$B$4,1,0)) -> 0 | Q10: =IF(I10="","",IF(I10>=Ngưỡng!$B$5,1,0)) -> 0 | R10: =IF(H10="","",IF(H10<>"Yên",1,0)) -> 0 | S10: =IF(K10="","",IF(K10>Ngưỡng!$B$6,1,0)) -> 0 | T10: =IF(N10="","",IF(N10>=Ngưỡng!$B$3,1,0)) -> 1 | U10: =IF(I10=5,U9+1,0) -> 0 | V10: =IF(AND(F10<>"",F10>=2),V9+1,0) -> 0 | W10: =IF(O10=0,W9+1,0) -> 0 | X10: =IF(OR(E10="",F10=""),"",ROUND((10*(E10-1)+10*(2-MIN(F10,2)))/60*100,0)) -> 83
A11: P01 | B11: 10 | C11: =IF(B11<=7,1,2) -> 2 | E11: 5 | F11: 0 | G11: 4 | H11: Yên | I11: 2 | K11: 0.79166667 | L11: 0.94791667 | M11: 1 | N11: =IF(OR(E11="",F11="",G11=""),"",10*(E11-1)+10*(G11-1)+10*(2-MIN(F11,2))) -> 90 | O11: =IF(AND(N11<>"",I11<>""),1,0) -> 1 | P11: =IF(N11="","",IF(N11<Ngưỡng!$B$4,1,0)) -> 0 | Q11: =IF(I11="","",IF(I11>=Ngưỡng!$B$5,1,0)) -> 0 | R11: =IF(H11="","",IF(H11<>"Yên",1,0)) -> 0 | S11: =IF(K11="","",IF(K11>Ngưỡng!$B$6,1,0)) -> 0 | T11: =IF(N11="","",IF(N11>=Ngưỡng!$B$3,1,0)) -> 1 | U11: =IF(I11=5,U10+1,0) -> 0 | V11: =IF(AND(F11<>"",F11>=2),V10+1,0) -> 0 | W11: =IF(O11=0,W10+1,0) -> 0 | X11: =IF(OR(E11="",F11=""),"",ROUND((10*(E11-1)+10*(2-MIN(F11,2)))/60*100,0)) -> 100
A12: P01 | B12: 11 | C12: =IF(B12<=7,1,2) -> 2 | E12: 2 | F12: 2 | G12: 2 | H12: Bực | I12: 5 | J12: Việc | K12: 0.8125 | L12: 0.0069444444 | M12: 1 | N12: =IF(OR(E12="",F12="",G12=""),"",10*(E12-1)+10*(G12-1)+10*(2-MIN(F12,2))) -> 20 | O12: =IF(AND(N12<>"",I12<>""),1,0) -> 1 | P12: =IF(N12="","",IF(N12<Ngưỡng!$B$4,1,0)) -> 1 | Q12: =IF(I12="","",IF(I12>=Ngưỡng!$B$5,1,0)) -> 1 | R12: =IF(H12="","",IF(H12<>"Yên",1,0)) -> 1 | S12: =IF(K12="","",IF(K12>Ngưỡng!$B$6,1,0)) -> 0 | T12: =IF(N12="","",IF(N12>=Ngưỡng!$B$3,1,0)) -> 0 | U12: =IF(I12=5,U11+1,0) -> 1 | V12: =IF(AND(F12<>"",F12>=2),V11+1,0) -> 1 | W12: =IF(O12=0,W11+1,0) -> 0 | X12: =IF(OR(E12="",F12=""),"",ROUND((10*(E12-1)+10*(2-MIN(F12,2)))/60*100,0)) -> 17
A13: P01 | B13: 12 | C13: =IF(B13<=7,1,2) -> 2 | E13: 4 | F13: 0 | G13: 4 | H13: Yên | I13: 2 | K13: 0.79861111 | L13: 0.95833333 | M13: 1 | N13: =IF(OR(E13="",F13="",G13=""),"",10*(E13-1)+10*(G13-1)+10*(2-MIN(F13,2))) -> 80 | O13: =IF(AND(N13<>"",I13<>""),1,0) -> 1 | P13: =IF(N13="","",IF(N13<Ngưỡng!$B$4,1,0)) -> 0 | Q13: =IF(I13="","",IF(I13>=Ngưỡng!$B$5,1,0)) -> 0 | R13: =IF(H13="","",IF(H13<>"Yên",1,0)) -> 0 | S13: =IF(K13="","",IF(K13>Ngưỡng!$B$6,1,0)) -> 0 | T13: =IF(N13="","",IF(N13>=Ngưỡng!$B$3,1,0)) -> 1 | U13: =IF(I13=5,U12+1,0) -> 0 | V13: =IF(AND(F13<>"",F13>=2),V12+1,0) -> 0 | W13: =IF(O13=0,W12+1,0) -> 0 | X13: =IF(OR(E13="",F13=""),"",ROUND((10*(E13-1)+10*(2-MIN(F13,2)))/60*100,0)) -> 83
A14: P01 | B14: 13 | C14: =IF(B14<=7,1,2) -> 2 | E14: 5 | F14: 0 | G14: 4 | H14: Yên | I14: 3 | K14: 0.79166667 | L14: 0.95138889 | M14: 1 | N14: =IF(OR(E14="",F14="",G14=""),"",10*(E14-1)+10*(G14-1)+10*(2-MIN(F14,2))) -> 90 | O14: =IF(AND(N14<>"",I14<>""),1,0) -> 1 | P14: =IF(N14="","",IF(N14<Ngưỡng!$B$4,1,0)) -> 0 | Q14: =IF(I14="","",IF(I14>=Ngưỡng!$B$5,1,0)) -> 0 | R14: =IF(H14="","",IF(H14<>"Yên",1,0)) -> 0 | S14: =IF(K14="","",IF(K14>Ngưỡng!$B$6,1,0)) -> 0 | T14: =IF(N14="","",IF(N14>=Ngưỡng!$B$3,1,0)) -> 1 | U14: =IF(I14=5,U13+1,0) -> 0 | V14: =IF(AND(F14<>"",F14>=2),V13+1,0) -> 0 | W14: =IF(O14=0,W13+1,0) -> 0 | X14: =IF(OR(E14="",F14=""),"",ROUND((10*(E14-1)+10*(2-MIN(F14,2)))/60*100,0)) -> 100
A15: P01 | B15: 14 | C15: =IF(B15<=7,1,2) -> 2 | E15: 4 | F15: 1 | G15: 3 | H15: Nghĩ nhiều | I15: 4 | J15: Việc | K15: 0.8125 | L15: 0.97222222 | M15: 0 | N15: =IF(OR(E15="",F15="",G15=""),"",10*(E15-1)+10*(G15-1)+10*(2-MIN(F15,2))) -> 60 | O15: =IF(AND(N15<>"",I15<>""),1,0) -> 1 | P15: =IF(N15="","",IF(N15<Ngưỡng!$B$4,1,0)) -> 0 | Q15: =IF(I15="","",IF(I15>=Ngưỡng!$B$5,1,0)) -> 1 | R15: =IF(H15="","",IF(H15<>"Yên",1,0)) -> 1 | S15: =IF(K15="","",IF(K15>Ngưỡng!$B$6,1,0)) -> 0 | T15: =IF(N15="","",IF(N15>=Ngưỡng!$B$3,1,0)) -> 0 | U15: =IF(I15=5,U14+1,0) -> 0 | V15: =IF(AND(F15<>"",F15>=2),V14+1,0) -> 0 | W15: =IF(O15=0,W14+1,0) -> 0 | X15: =IF(OR(E15="",F15=""),"",ROUND((10*(E15-1)+10*(2-MIN(F15,2)))/60*100,0)) -> 67
A16: P02 | B16: 1 | C16: =IF(B16<=7,1,2) -> 1 | E16: 3 | F16: 1 | G16: 2 | H16: Yên | I16: 2 | K16: 0.875 | L16: 0.99305556 | N16: =IF(OR(E16="",F16="",G16=""),"",10*(E16-1)+10*(G16-1)+10*(2-MIN(F16,2))) -> 40 | O16: =IF(AND(N16<>"",I16<>""),1,0) -> 1 | P16: =IF(N16="","",IF(N16<Ngưỡng!$B$4,1,0)) -> 1 | Q16: =IF(I16="","",IF(I16>=Ngưỡng!$B$5,1,0)) -> 0 | R16: =IF(H16="","",IF(H16<>"Yên",1,0)) -> 0 | S16: =IF(K16="","",IF(K16>Ngưỡng!$B$6,1,0)) -> 1 | T16: =IF(N16="","",IF(N16>=Ngưỡng!$B$3,1,0)) -> 0 | U16: =IF(I16=5,0+1,0) -> 0 | V16: =IF(AND(F16<>"",F16>=2),0+1,0) -> 0 | W16: =IF(O16=0,0+1,0) -> 0 | X16: =IF(OR(E16="",F16=""),"",ROUND((10*(E16-1)+10*(2-MIN(F16,2)))/60*100,0)) -> 50
A17: P02 | B17: 2 | C17: =IF(B17<=7,1,2) -> 1 | E17: 3 | F17: 1 | G17: 2 | H17: Yên | I17: 3 | K17: 0.86458333 | L17: 0.98958333 | N17: =IF(OR(E17="",F17="",G17=""),"",10*(E17-1)+10*(G17-1)+10*(2-MIN(F17,2))) -> 40 | O17: =IF(AND(N17<>"",I17<>""),1,0) -> 1 | P17: =IF(N17="","",IF(N17<Ngưỡng!$B$4,1,0)) -> 1 | Q17: =IF(I17="","",IF(I17>=Ngưỡng!$B$5,1,0)) -> 0 | R17: =IF(H17="","",IF(H17<>"Yên",1,0)) -> 0 | S17: =IF(K17="","",IF(K17>Ngưỡng!$B$6,1,0)) -> 1 | T17: =IF(N17="","",IF(N17>=Ngưỡng!$B$3,1,0)) -> 0 | U17: =IF(I17=5,U16+1,0) -> 0 | V17: =IF(AND(F17<>"",F17>=2),V16+1,0) -> 0 | W17: =IF(O17=0,W16+1,0) -> 0 | X17: =IF(OR(E17="",F17=""),"",ROUND((10*(E17-1)+10*(2-MIN(F17,2)))/60*100,0)) -> 50
A18: P02 | B18: 3 | C18: =IF(B18<=7,1,2) -> 1 | E18: 2 | F18: 1 | G18: 1 | H18: Yên | I18: 2 | K18: 0.88541667 | L18: 0 | N18: =IF(OR(E18="",F18="",G18=""),"",10*(E18-1)+10*(G18-1)+10*(2-MIN(F18,2))) -> 20 | O18: =IF(AND(N18<>"",I18<>""),1,0) -> 1 | P18: =IF(N18="","",IF(N18<Ngưỡng!$B$4,1,0)) -> 1 | Q18: =IF(I18="","",IF(I18>=Ngưỡng!$B$5,1,0)) -> 0 | R18: =IF(H18="","",IF(H18<>"Yên",1,0)) -> 0 | S18: =IF(K18="","",IF(K18>Ngưỡng!$B$6,1,0)) -> 1 | T18: =IF(N18="","",IF(N18>=Ngưỡng!$B$3,1,0)) -> 0 | U18: =IF(I18=5,U17+1,0) -> 0 | V18: =IF(AND(F18<>"",F18>=2),V17+1,0) -> 0 | W18: =IF(O18=0,W17+1,0) -> 0 | X18: =IF(OR(E18="",F18=""),"",ROUND((10*(E18-1)+10*(2-MIN(F18,2)))/60*100,0)) -> 33
A19: P02 | B19: 4 | C19: =IF(B19<=7,1,2) -> 1 | E19: 3 | F19: 0 | G19: 2 | H19: Yên | I19: 2 | K19: 0.85416667 | L19: 0.97916667 | N19: =IF(OR(E19="",F19="",G19=""),"",10*(E19-1)+10*(G19-1)+10*(2-MIN(F19,2))) -> 50 | O19: =IF(AND(N19<>"",I19<>""),1,0) -> 1 | P19: =IF(N19="","",IF(N19<Ngưỡng!$B$4,1,0)) -> 1 | Q19: =IF(I19="","",IF(I19>=Ngưỡng!$B$5,1,0)) -> 0 | R19: =IF(H19="","",IF(H19<>"Yên",1,0)) -> 0 | S19: =IF(K19="","",IF(K19>Ngưỡng!$B$6,1,0)) -> 1 | T19: =IF(N19="","",IF(N19>=Ngưỡng!$B$3,1,0)) -> 0 | U19: =IF(I19=5,U18+1,0) -> 0 | V19: =IF(AND(F19<>"",F19>=2),V18+1,0) -> 0 | W19: =IF(O19=0,W18+1,0) -> 0 | X19: =IF(OR(E19="",F19=""),"",ROUND((10*(E19-1)+10*(2-MIN(F19,2)))/60*100,0)) -> 67
A20: P02 | B20: 5 | C20: =IF(B20<=7,1,2) -> 1 | E20: 3 | F20: 1 | G20: 2 | H20: Yên | I20: 3 | K20: 0.83333333 | L20: 0.97916667 | M20: 1 | N20: =IF(OR(E20="",F20="",G20=""),"",10*(E20-1)+10*(G20-1)+10*(2-MIN(F20,2))) -> 40 | O20: =IF(AND(N20<>"",I20<>""),1,0) -> 1 | P20: =IF(N20="","",IF(N20<Ngưỡng!$B$4,1,0)) -> 1 | Q20: =IF(I20="","",IF(I20>=Ngưỡng!$B$5,1,0)) -> 0 | R20: =IF(H20="","",IF(H20<>"Yên",1,0)) -> 0 | S20: =IF(K20="","",IF(K20>Ngưỡng!$B$6,1,0)) -> 0 | T20: =IF(N20="","",IF(N20>=Ngưỡng!$B$3,1,0)) -> 0 | U20: =IF(I20=5,U19+1,0) -> 0 | V20: =IF(AND(F20<>"",F20>=2),V19+1,0) -> 0 | W20: =IF(O20=0,W19+1,0) -> 0 | X20: =IF(OR(E20="",F20=""),"",ROUND((10*(E20-1)+10*(2-MIN(F20,2)))/60*100,0)) -> 50
A21: P02 | B21: 6 | C21: =IF(B21<=7,1,2) -> 1 | E21: 4 | F21: 0 | G21: 2 | H21: Yên | I21: 2 | K21: 0.8125 | L21: 0.95833333 | M21: 1 | N21: =IF(OR(E21="",F21="",G21=""),"",10*(E21-1)+10*(G21-1)+10*(2-MIN(F21,2))) -> 60 | O21: =IF(AND(N21<>"",I21<>""),1,0) -> 1 | P21: =IF(N21="","",IF(N21<Ngưỡng!$B$4,1,0)) -> 0 | Q21: =IF(I21="","",IF(I21>=Ngưỡng!$B$5,1,0)) -> 0 | R21: =IF(H21="","",IF(H21<>"Yên",1,0)) -> 0 | S21: =IF(K21="","",IF(K21>Ngưỡng!$B$6,1,0)) -> 0 | T21: =IF(N21="","",IF(N21>=Ngưỡng!$B$3,1,0)) -> 0 | U21: =IF(I21=5,U20+1,0) -> 0 | V21: =IF(AND(F21<>"",F21>=2),V20+1,0) -> 0 | W21: =IF(O21=0,W20+1,0) -> 0 | X21: =IF(OR(E21="",F21=""),"",ROUND((10*(E21-1)+10*(2-MIN(F21,2)))/60*100,0)) -> 83
A22: P02 | B22: 7 | C22: =IF(B22<=7,1,2) -> 1 | E22: 4 | F22: 0 | G22: 2 | H22: Yên | I22: 2 | K22: 0.8125 | L22: 0.95833333 | M22: 1 | N22: =IF(OR(E22="",F22="",G22=""),"",10*(E22-1)+10*(G22-1)+10*(2-MIN(F22,2))) -> 60 | O22: =IF(AND(N22<>"",I22<>""),1,0) -> 1 | P22: =IF(N22="","",IF(N22<Ngưỡng!$B$4,1,0)) -> 0 | Q22: =IF(I22="","",IF(I22>=Ngưỡng!$B$5,1,0)) -> 0 | R22: =IF(H22="","",IF(H22<>"Yên",1,0)) -> 0 | S22: =IF(K22="","",IF(K22>Ngưỡng!$B$6,1,0)) -> 0 | T22: =IF(N22="","",IF(N22>=Ngưỡng!$B$3,1,0)) -> 0 | U22: =IF(I22=5,U21+1,0) -> 0 | V22: =IF(AND(F22<>"",F22>=2),V21+1,0) -> 0 | W22: =IF(O22=0,W21+1,0) -> 0 | X22: =IF(OR(E22="",F22=""),"",ROUND((10*(E22-1)+10*(2-MIN(F22,2)))/60*100,0)) -> 83
A23: P02 | B23: 8 | C23: =IF(B23<=7,1,2) -> 2 | E23: 4 | F23: 0 | G23: 2 | H23: Yên | I23: 3 | K23: 0.80208333 | L23: 0.95833333 | M23: 1 | N23: =IF(OR(E23="",F23="",G23=""),"",10*(E23-1)+10*(G23-1)+10*(2-MIN(F23,2))) -> 60 | O23: =IF(AND(N23<>"",I23<>""),1,0) -> 1 | P23: =IF(N23="","",IF(N23<Ngưỡng!$B$4,1,0)) -> 0 | Q23: =IF(I23="","",IF(I23>=Ngưỡng!$B$5,1,0)) -> 0 | R23: =IF(H23="","",IF(H23<>"Yên",1,0)) -> 0 | S23: =IF(K23="","",IF(K23>Ngưỡng!$B$6,1,0)) -> 0 | T23: =IF(N23="","",IF(N23>=Ngưỡng!$B$3,1,0)) -> 0 | U23: =IF(I23=5,U22+1,0) -> 0 | V23: =IF(AND(F23<>"",F23>=2),V22+1,0) -> 0 | W23: =IF(O23=0,W22+1,0) -> 0 | X23: =IF(OR(E23="",F23=""),"",ROUND((10*(E23-1)+10*(2-MIN(F23,2)))/60*100,0)) -> 83
A24: P02 | B24: 9 | C24: =IF(B24<=7,1,2) -> 2 | E24: 5 | F24: 0 | G24: 3 | H24: Yên | I24: 2 | K24: 0.79166667 | L24: 0.94791667 | M24: 1 | N24: =IF(OR(E24="",F24="",G24=""),"",10*(E24-1)+10*(G24-1)+10*(2-MIN(F24,2))) -> 80 | O24: =IF(AND(N24<>"",I24<>""),1,0) -> 1 | P24: =IF(N24="","",IF(N24<Ngưỡng!$B$4,1,0)) -> 0 | Q24: =IF(I24="","",IF(I24>=Ngưỡng!$B$5,1,0)) -> 0 | R24: =IF(H24="","",IF(H24<>"Yên",1,0)) -> 0 | S24: =IF(K24="","",IF(K24>Ngưỡng!$B$6,1,0)) -> 0 | T24: =IF(N24="","",IF(N24>=Ngưỡng!$B$3,1,0)) -> 1 | U24: =IF(I24=5,U23+1,0) -> 0 | V24: =IF(AND(F24<>"",F24>=2),V23+1,0) -> 0 | W24: =IF(O24=0,W23+1,0) -> 0 | X24: =IF(OR(E24="",F24=""),"",ROUND((10*(E24-1)+10*(2-MIN(F24,2)))/60*100,0)) -> 100
A25: P02 | B25: 10 | C25: =IF(B25<=7,1,2) -> 2 | E25: 4 | F25: 0 | G25: 2 | H25: Yên | I25: 2 | K25: 0.8125 | L25: 0.95833333 | M25: 1 | N25: =IF(OR(E25="",F25="",G25=""),"",10*(E25-1)+10*(G25-1)+10*(2-MIN(F25,2))) -> 60 | O25: =IF(AND(N25<>"",I25<>""),1,0) -> 1 | P25: =IF(N25="","",IF(N25<Ngưỡng!$B$4,1,0)) -> 0 | Q25: =IF(I25="","",IF(I25>=Ngưỡng!$B$5,1,0)) -> 0 | R25: =IF(H25="","",IF(H25<>"Yên",1,0)) -> 0 | S25: =IF(K25="","",IF(K25>Ngưỡng!$B$6,1,0)) -> 0 | T25: =IF(N25="","",IF(N25>=Ngưỡng!$B$3,1,0)) -> 0 | U25: =IF(I25=5,U24+1,0) -> 0 | V25: =IF(AND(F25<>"",F25>=2),V24+1,0) -> 0 | W25: =IF(O25=0,W24+1,0) -> 0 | X25: =IF(OR(E25="",F25=""),"",ROUND((10*(E25-1)+10*(2-MIN(F25,2)))/60*100,0)) -> 83
A26: P02 | B26: 11 | C26: =IF(B26<=7,1,2) -> 2 | E26: 5 | F26: 0 | G26: 2 | H26: Yên | I26: 2 | K26: 0.79166667 | L26: 0.94791667 | M26: 1 | N26: =IF(OR(E26="",F26="",G26=""),"",10*(E26-1)+10*(G26-1)+10*(2-MIN(F26,2))) -> 70 | O26: =IF(AND(N26<>"",I26<>""),1,0) -> 1 | P26: =IF(N26="","",IF(N26<Ngưỡng!$B$4,1,0)) -> 0 | Q26: =IF(I26="","",IF(I26>=Ngưỡng!$B$5,1,0)) -> 0 | R26: =IF(H26="","",IF(H26<>"Yên",1,0)) -> 0 | S26: =IF(K26="","",IF(K26>Ngưỡng!$B$6,1,0)) -> 0 | T26: =IF(N26="","",IF(N26>=Ngưỡng!$B$3,1,0)) -> 0 | U26: =IF(I26=5,U25+1,0) -> 0 | V26: =IF(AND(F26<>"",F26>=2),V25+1,0) -> 0 | W26: =IF(O26=0,W25+1,0) -> 0 | X26: =IF(OR(E26="",F26=""),"",ROUND((10*(E26-1)+10*(2-MIN(F26,2)))/60*100,0)) -> 100
A27: P02 | B27: 12 | C27: =IF(B27<=7,1,2) -> 2 | E27: 4 | F27: 0 | G27: 2 | H27: Yên | I27: 3 | K27: 0.80208333 | L27: 0.95833333 | M27: 1 | N27: =IF(OR(E27="",F27="",G27=""),"",10*(E27-1)+10*(G27-1)+10*(2-MIN(F27,2))) -> 60 | O27: =IF(AND(N27<>"",I27<>""),1,0) -> 1 | P27: =IF(N27="","",IF(N27<Ngưỡng!$B$4,1,0)) -> 0 | Q27: =IF(I27="","",IF(I27>=Ngưỡng!$B$5,1,0)) -> 0 | R27: =IF(H27="","",IF(H27<>"Yên",1,0)) -> 0 | S27: =IF(K27="","",IF(K27>Ngưỡng!$B$6,1,0)) -> 0 | T27: =IF(N27="","",IF(N27>=Ngưỡng!$B$3,1,0)) -> 0 | U27: =IF(I27=5,U26+1,0) -> 0 | V27: =IF(AND(F27<>"",F27>=2),V26+1,0) -> 0 | W27: =IF(O27=0,W26+1,0) -> 0 | X27: =IF(OR(E27="",F27=""),"",ROUND((10*(E27-1)+10*(2-MIN(F27,2)))/60*100,0)) -> 83
A28: P02 | B28: 13 | C28: =IF(B28<=7,1,2) -> 2 | E28: 5 | F28: 0 | G28: 3 | H28: Yên | I28: 2 | K28: 0.79166667 | L28: 0.94444444 | M28: 1 | N28: =IF(OR(E28="",F28="",G28=""),"",10*(E28-1)+10*(G28-1)+10*(2-MIN(F28,2))) -> 80 | O28: =IF(AND(N28<>"",I28<>""),1,0) -> 1 | P28: =IF(N28="","",IF(N28<Ngưỡng!$B$4,1,0)) -> 0 | Q28: =IF(I28="","",IF(I28>=Ngưỡng!$B$5,1,0)) -> 0 | R28: =IF(H28="","",IF(H28<>"Yên",1,0)) -> 0 | S28: =IF(K28="","",IF(K28>Ngưỡng!$B$6,1,0)) -> 0 | T28: =IF(N28="","",IF(N28>=Ngưỡng!$B$3,1,0)) -> 1 | U28: =IF(I28=5,U27+1,0) -> 0 | V28: =IF(AND(F28<>"",F28>=2),V27+1,0) -> 0 | W28: =IF(O28=0,W27+1,0) -> 0 | X28: =IF(OR(E28="",F28=""),"",ROUND((10*(E28-1)+10*(2-MIN(F28,2)))/60*100,0)) -> 100
A29: P02 | B29: 14 | C29: =IF(B29<=7,1,2) -> 2 | E29: 4 | F29: 0 | G29: 2 | H29: Yên | I29: 2 | K29: 0.80555556 | L29: 0.95833333 | M29: 1 | N29: =IF(OR(E29="",F29="",G29=""),"",10*(E29-1)+10*(G29-1)+10*(2-MIN(F29,2))) -> 60 | O29: =IF(AND(N29<>"",I29<>""),1,0) -> 1 | P29: =IF(N29="","",IF(N29<Ngưỡng!$B$4,1,0)) -> 0 | Q29: =IF(I29="","",IF(I29>=Ngưỡng!$B$5,1,0)) -> 0 | R29: =IF(H29="","",IF(H29<>"Yên",1,0)) -> 0 | S29: =IF(K29="","",IF(K29>Ngưỡng!$B$6,1,0)) -> 0 | T29: =IF(N29="","",IF(N29>=Ngưỡng!$B$3,1,0)) -> 0 | U29: =IF(I29=5,U28+1,0) -> 0 | V29: =IF(AND(F29<>"",F29>=2),V28+1,0) -> 0 | W29: =IF(O29=0,W28+1,0) -> 0 | X29: =IF(OR(E29="",F29=""),"",ROUND((10*(E29-1)+10*(2-MIN(F29,2)))/60*100,0)) -> 83
A30: P03 | B30: 1 | C30: =IF(B30<=7,1,2) -> 1 | N30: =IF(OR(E30="",F30="",G30=""),"",10*(E30-1)+10*(G30-1)+10*(2-MIN(F30,2))) | O30: =IF(AND(N30<>"",I30<>""),1,0) -> 0 | P30: =IF(N30="","",IF(N30<Ngưỡng!$B$4,1,0)) | Q30: =IF(I30="","",IF(I30>=Ngưỡng!$B$5,1,0)) | R30: =IF(H30="","",IF(H30<>"Yên",1,0)) | S30: =IF(K30="","",IF(K30>Ngưỡng!$B$6,1,0)) | T30: =IF(N30="","",IF(N30>=Ngưỡng!$B$3,1,0)) | U30: =IF(I30=5,0+1,0) -> 0 | V30: =IF(AND(F30<>"",F30>=2),0+1,0) -> 0 | W30: =IF(O30=0,0+1,0) -> 1 | X30: =IF(OR(E30="",F30=""),"",ROUND((10*(E30-1)+10*(2-MIN(F30,2)))/60*100,0))
A31: P03 | B31: 2 | C31: =IF(B31<=7,1,2) -> 1 | N31: =IF(OR(E31="",F31="",G31=""),"",10*(E31-1)+10*(G31-1)+10*(2-MIN(F31,2))) | O31: =IF(AND(N31<>"",I31<>""),1,0) -> 0 | P31: =IF(N31="","",IF(N31<Ngưỡng!$B$4,1,0)) | Q31: =IF(I31="","",IF(I31>=Ngưỡng!$B$5,1,0)) | R31: =IF(H31="","",IF(H31<>"Yên",1,0)) | S31: =IF(K31="","",IF(K31>Ngưỡng!$B$6,1,0)) | T31: =IF(N31="","",IF(N31>=Ngưỡng!$B$3,1,0)) | U31: =IF(I31=5,U30+1,0) -> 0 | V31: =IF(AND(F31<>"",F31>=2),V30+1,0) -> 0 | W31: =IF(O31=0,W30+1,0) -> 2 | X31: =IF(OR(E31="",F31=""),"",ROUND((10*(E31-1)+10*(2-MIN(F31,2)))/60*100,0))
A32: P03 | B32: 3 | C32: =IF(B32<=7,1,2) -> 1 | N32: =IF(OR(E32="",F32="",G32=""),"",10*(E32-1)+10*(G32-1)+10*(2-MIN(F32,2))) | O32: =IF(AND(N32<>"",I32<>""),1,0) -> 0 | P32: =IF(N32="","",IF(N32<Ngưỡng!$B$4,1,0)) | Q32: =IF(I32="","",IF(I32>=Ngưỡng!$B$5,1,0)) | R32: =IF(H32="","",IF(H32<>"Yên",1,0)) | S32: =IF(K32="","",IF(K32>Ngưỡng!$B$6,1,0)) | T32: =IF(N32="","",IF(N32>=Ngưỡng!$B$3,1,0)) | U32: =IF(I32=5,U31+1,0) -> 0 | V32: =IF(AND(F32<>"",F32>=2),V31+1,0) -> 0 | W32: =IF(O32=0,W31+1,0) -> 3 | X32: =IF(OR(E32="",F32=""),"",ROUND((10*(E32-1)+10*(2-MIN(F32,2)))/60*100,0))
A33: P03 | B33: 4 | C33: =IF(B33<=7,1,2) -> 1 | N33: =IF(OR(E33="",F33="",G33=""),"",10*(E33-1)+10*(G33-1)+10*(2-MIN(F33,2))) | O33: =IF(AND(N33<>"",I33<>""),1,0) -> 0 | P33: =IF(N33="","",IF(N33<Ngưỡng!$B$4,1,0)) | Q33: =IF(I33="","",IF(I33>=Ngưỡng!$B$5,1,0)) | R33: =IF(H33="","",IF(H33<>"Yên",1,0)) | S33: =IF(K33="","",IF(K33>Ngưỡng!$B$6,1,0)) | T33: =IF(N33="","",IF(N33>=Ngưỡng!$B$3,1,0)) | U33: =IF(I33=5,U32+1,0) -> 0 | V33: =IF(AND(F33<>"",F33>=2),V32+1,0) -> 0 | W33: =IF(O33=0,W32+1,0) -> 4 | X33: =IF(OR(E33="",F33=""),"",ROUND((10*(E33-1)+10*(2-MIN(F33,2)))/60*100,0))
A34: P03 | B34: 5 | C34: =IF(B34<=7,1,2) -> 1 | N34: =IF(OR(E34="",F34="",G34=""),"",10*(E34-1)+10*(G34-1)+10*(2-MIN(F34,2))) | O34: =IF(AND(N34<>"",I34<>""),1,0) -> 0 | P34: =IF(N34="","",IF(N34<Ngưỡng!$B$4,1,0)) | Q34: =IF(I34="","",IF(I34>=Ngưỡng!$B$5,1,0)) | R34: =IF(H34="","",IF(H34<>"Yên",1,0)) | S34: =IF(K34="","",IF(K34>Ngưỡng!$B$6,1,0)) | T34: =IF(N34="","",IF(N34>=Ngưỡng!$B$3,1,0)) | U34: =IF(I34=5,U33+1,0) -> 0 | V34: =IF(AND(F34<>"",F34>=2),V33+1,0) -> 0 | W34: =IF(O34=0,W33+1,0) -> 5 | X34: =IF(OR(E34="",F34=""),"",ROUND((10*(E34-1)+10*(2-MIN(F34,2)))/60*100,0))
A35: P03 | B35: 6 | C35: =IF(B35<=7,1,2) -> 1 | N35: =IF(OR(E35="",F35="",G35=""),"",10*(E35-1)+10*(G35-1)+10*(2-MIN(F35,2))) | O35: =IF(AND(N35<>"",I35<>""),1,0) -> 0 | P35: =IF(N35="","",IF(N35<Ngưỡng!$B$4,1,0)) | Q35: =IF(I35="","",IF(I35>=Ngưỡng!$B$5,1,0)) | R35: =IF(H35="","",IF(H35<>"Yên",1,0)) | S35: =IF(K35="","",IF(K35>Ngưỡng!$B$6,1,0)) | T35: =IF(N35="","",IF(N35>=Ngưỡng!$B$3,1,0)) | U35: =IF(I35=5,U34+1,0) -> 0 | V35: =IF(AND(F35<>"",F35>=2),V34+1,0) -> 0 | W35: =IF(O35=0,W34+1,0) -> 6 | X35: =IF(OR(E35="",F35=""),"",ROUND((10*(E35-1)+10*(2-MIN(F35,2)))/60*100,0))
A36: P03 | B36: 7 | C36: =IF(B36<=7,1,2) -> 1 | N36: =IF(OR(E36="",F36="",G36=""),"",10*(E36-1)+10*(G36-1)+10*(2-MIN(F36,2))) | O36: =IF(AND(N36<>"",I36<>""),1,0) -> 0 | P36: =IF(N36="","",IF(N36<Ngưỡng!$B$4,1,0)) | Q36: =IF(I36="","",IF(I36>=Ngưỡng!$B$5,1,0)) | R36: =IF(H36="","",IF(H36<>"Yên",1,0)) | S36: =IF(K36="","",IF(K36>Ngưỡng!$B$6,1,0)) | T36: =IF(N36="","",IF(N36>=Ngưỡng!$B$3,1,0)) | U36: =IF(I36=5,U35+1,0) -> 0 | V36: =IF(AND(F36<>"",F36>=2),V35+1,0) -> 0 | W36: =IF(O36=0,W35+1,0) -> 7 | X36: =IF(OR(E36="",F36=""),"",ROUND((10*(E36-1)+10*(2-MIN(F36,2)))/60*100,0))
A37: P03 | B37: 8 | C37: =IF(B37<=7,1,2) -> 2 | N37: =IF(OR(E37="",F37="",G37=""),"",10*(E37-1)+10*(G37-1)+10*(2-MIN(F37,2))) | O37: =IF(AND(N37<>"",I37<>""),1,0) -> 0 | P37: =IF(N37="","",IF(N37<Ngưỡng!$B$4,1,0)) | Q37: =IF(I37="","",IF(I37>=Ngưỡng!$B$5,1,0)) | R37: =IF(H37="","",IF(H37<>"Yên",1,0)) | S37: =IF(K37="","",IF(K37>Ngưỡng!$B$6,1,0)) | T37: =IF(N37="","",IF(N37>=Ngưỡng!$B$3,1,0)) | U37: =IF(I37=5,U36+1,0) -> 0 | V37: =IF(AND(F37<>"",F37>=2),V36+1,0) -> 0 | W37: =IF(O37=0,W36+1,0) -> 8 | X37: =IF(OR(E37="",F37=""),"",ROUND((10*(E37-1)+10*(2-MIN(F37,2)))/60*100,0))
A38: P03 | B38: 9 | C38: =IF(B38<=7,1,2) -> 2 | N38: =IF(OR(E38="",F38="",G38=""),"",10*(E38-1)+10*(G38-1)+10*(2-MIN(F38,2))) | O38: =IF(AND(N38<>"",I38<>""),1,0) -> 0 | P38: =IF(N38="","",IF(N38<Ngưỡng!$B$4,1,0)) | Q38: =IF(I38="","",IF(I38>=Ngưỡng!$B$5,1,0)) | R38: =IF(H38="","",IF(H38<>"Yên",1,0)) | S38: =IF(K38="","",IF(K38>Ngưỡng!$B$6,1,0)) | T38: =IF(N38="","",IF(N38>=Ngưỡng!$B$3,1,0)) | U38: =IF(I38=5,U37+1,0) -> 0 | V38: =IF(AND(F38<>"",F38>=2),V37+1,0) -> 0 | W38: =IF(O38=0,W37+1,0) -> 9 | X38: =IF(OR(E38="",F38=""),"",ROUND((10*(E38-1)+10*(2-MIN(F38,2)))/60*100,0))
A39: P03 | B39: 10 | C39: =IF(B39<=7,1,2) -> 2 | N39: =IF(OR(E39="",F39="",G39=""),"",10*(E39-1)+10*(G39-1)+10*(2-MIN(F39,2))) | O39: =IF(AND(N39<>"",I39<>""),1,0) -> 0 | P39: =IF(N39="","",IF(N39<Ngưỡng!$B$4,1,0)) | Q39: =IF(I39="","",IF(I39>=Ngưỡng!$B$5,1,0)) | R39: =IF(H39="","",IF(H39<>"Yên",1,0)) | S39: =IF(K39="","",IF(K39>Ngưỡng!$B$6,1,0)) | T39: =IF(N39="","",IF(N39>=Ngưỡng!$B$3,1,0)) | U39: =IF(I39=5,U38+1,0) -> 0 | V39: =IF(AND(F39<>"",F39>=2),V38+1,0) -> 0 | W39: =IF(O39=0,W38+1,0) -> 10 | X39: =IF(OR(E39="",F39=""),"",ROUND((10*(E39-1)+10*(2-MIN(F39,2)))/60*100,0))
A40: P03 | B40: 11 | C40: =IF(B40<=7,1,2) -> 2 | N40: =IF(OR(E40="",F40="",G40=""),"",10*(E40-1)+10*(G40-1)+10*(2-MIN(F40,2))) | O40: =IF(AND(N40<>"",I40<>""),1,0) -> 0 | P40: =IF(N40="","",IF(N40<Ngưỡng!$B$4,1,0)) | Q40: =IF(I40="","",IF(I40>=Ngưỡng!$B$5,1,0)) | R40: =IF(H40="","",IF(H40<>"Yên",1,0)) | S40: =IF(K40="","",IF(K40>Ngưỡng!$B$6,1,0)) | T40: =IF(N40="","",IF(N40>=Ngưỡng!$B$3,1,0)) | U40: =IF(I40=5,U39+1,0) -> 0 | V40: =IF(AND(F40<>"",F40>=2),V39+1,0) -> 0 | W40: =IF(O40=0,W39+1,0) -> 11 | X40: =IF(OR(E40="",F40=""),"",ROUND((10*(E40-1)+10*(2-MIN(F40,2)))/60*100,0))
A41: P03 | B41: 12 | C41: =IF(B41<=7,1,2) -> 2 | N41: =IF(OR(E41="",F41="",G41=""),"",10*(E41-1)+10*(G41-1)+10*(2-MIN(F41,2))) | O41: =IF(AND(N41<>"",I41<>""),1,0) -> 0 | P41: =IF(N41="","",IF(N41<Ngưỡng!$B$4,1,0)) | Q41: =IF(I41="","",IF(I41>=Ngưỡng!$B$5,1,0)) | R41: =IF(H41="","",IF(H41<>"Yên",1,0)) | S41: =IF(K41="","",IF(K41>Ngưỡng!$B$6,1,0)) | T41: =IF(N41="","",IF(N41>=Ngưỡng!$B$3,1,0)) | U41: =IF(I41=5,U40+1,0) -> 0 | V41: =IF(AND(F41<>"",F41>=2),V40+1,0) -> 0 | W41: =IF(O41=0,W40+1,0) -> 12 | X41: =IF(OR(E41="",F41=""),"",ROUND((10*(E41-1)+10*(2-MIN(F41,2)))/60*100,0))
A42: P03 | B42: 13 | C42: =IF(B42<=7,1,2) -> 2 | N42: =IF(OR(E42="",F42="",G42=""),"",10*(E42-1)+10*(G42-1)+10*(2-MIN(F42,2))) | O42: =IF(AND(N42<>"",I42<>""),1,0) -> 0 | P42: =IF(N42="","",IF(N42<Ngưỡng!$B$4,1,0)) | Q42: =IF(I42="","",IF(I42>=Ngưỡng!$B$5,1,0)) | R42: =IF(H42="","",IF(H42<>"Yên",1,0)) | S42: =IF(K42="","",IF(K42>Ngưỡng!$B$6,1,0)) | T42: =IF(N42="","",IF(N42>=Ngưỡng!$B$3,1,0)) | U42: =IF(I42=5,U41+1,0) -> 0 | V42: =IF(AND(F42<>"",F42>=2),V41+1,0) -> 0 | W42: =IF(O42=0,W41+1,0) -> 13 | X42: =IF(OR(E42="",F42=""),"",ROUND((10*(E42-1)+10*(2-MIN(F42,2)))/60*100,0))
A43: P03 | B43: 14 | C43: =IF(B43<=7,1,2) -> 2 | N43: =IF(OR(E43="",F43="",G43=""),"",10*(E43-1)+10*(G43-1)+10*(2-MIN(F43,2))) | O43: =IF(AND(N43<>"",I43<>""),1,0) -> 0 | P43: =IF(N43="","",IF(N43<Ngưỡng!$B$4,1,0)) | Q43: =IF(I43="","",IF(I43>=Ngưỡng!$B$5,1,0)) | R43: =IF(H43="","",IF(H43<>"Yên",1,0)) | S43: =IF(K43="","",IF(K43>Ngưỡng!$B$6,1,0)) | T43: =IF(N43="","",IF(N43>=Ngưỡng!$B$3,1,0)) | U43: =IF(I43=5,U42+1,0) -> 0 | V43: =IF(AND(F43<>"",F43>=2),V42+1,0) -> 0 | W43: =IF(O43=0,W42+1,0) -> 14 | X43: =IF(OR(E43="",F43=""),"",ROUND((10*(E43-1)+10*(2-MIN(F43,2)))/60*100,0))
A44: P04 | B44: 1 | C44: =IF(B44<=7,1,2) -> 1 | N44: =IF(OR(E44="",F44="",G44=""),"",10*(E44-1)+10*(G44-1)+10*(2-MIN(F44,2))) | O44: =IF(AND(N44<>"",I44<>""),1,0) -> 0 | P44: =IF(N44="","",IF(N44<Ngưỡng!$B$4,1,0)) | Q44: =IF(I44="","",IF(I44>=Ngưỡng!$B$5,1,0)) | R44: =IF(H44="","",IF(H44<>"Yên",1,0)) | S44: =IF(K44="","",IF(K44>Ngưỡng!$B$6,1,0)) | T44: =IF(N44="","",IF(N44>=Ngưỡng!$B$3,1,0)) | U44: =IF(I44=5,0+1,0) -> 0 | V44: =IF(AND(F44<>"",F44>=2),0+1,0) -> 0 | W44: =IF(O44=0,0+1,0) -> 1 | X44: =IF(OR(E44="",F44=""),"",ROUND((10*(E44-1)+10*(2-MIN(F44,2)))/60*100,0))
A45: P04 | B45: 2 | C45: =IF(B45<=7,1,2) -> 1 | N45: =IF(OR(E45="",F45="",G45=""),"",10*(E45-1)+10*(G45-1)+10*(2-MIN(F45,2))) | O45: =IF(AND(N45<>"",I45<>""),1,0) -> 0 | P45: =IF(N45="","",IF(N45<Ngưỡng!$B$4,1,0)) | Q45: =IF(I45="","",IF(I45>=Ngưỡng!$B$5,1,0)) | R45: =IF(H45="","",IF(H45<>"Yên",1,0)) | S45: =IF(K45="","",IF(K45>Ngưỡng!$B$6,1,0)) | T45: =IF(N45="","",IF(N45>=Ngưỡng!$B$3,1,0)) | U45: =IF(I45=5,U44+1,0) -> 0 | V45: =IF(AND(F45<>"",F45>=2),V44+1,0) -> 0 | W45: =IF(O45=0,W44+1,0) -> 2 | X45: =IF(OR(E45="",F45=""),"",ROUND((10*(E45-1)+10*(2-MIN(F45,2)))/60*100,0))
A46: P04 | B46: 3 | C46: =IF(B46<=7,1,2) -> 1 | N46: =IF(OR(E46="",F46="",G46=""),"",10*(E46-1)+10*(G46-1)+10*(2-MIN(F46,2))) | O46: =IF(AND(N46<>"",I46<>""),1,0) -> 0 | P46: =IF(N46="","",IF(N46<Ngưỡng!$B$4,1,0)) | Q46: =IF(I46="","",IF(I46>=Ngưỡng!$B$5,1,0)) | R46: =IF(H46="","",IF(H46<>"Yên",1,0)) | S46: =IF(K46="","",IF(K46>Ngưỡng!$B$6,1,0)) | T46: =IF(N46="","",IF(N46>=Ngưỡng!$B$3,1,0)) | U46: =IF(I46=5,U45+1,0) -> 0 | V46: =IF(AND(F46<>"",F46>=2),V45+1,0) -> 0 | W46: =IF(O46=0,W45+1,0) -> 3 | X46: =IF(OR(E46="",F46=""),"",ROUND((10*(E46-1)+10*(2-MIN(F46,2)))/60*100,0))
A47: P04 | B47: 4 | C47: =IF(B47<=7,1,2) -> 1 | N47: =IF(OR(E47="",F47="",G47=""),"",10*(E47-1)+10*(G47-1)+10*(2-MIN(F47,2))) | O47: =IF(AND(N47<>"",I47<>""),1,0) -> 0 | P47: =IF(N47="","",IF(N47<Ngưỡng!$B$4,1,0)) | Q47: =IF(I47="","",IF(I47>=Ngưỡng!$B$5,1,0)) | R47: =IF(H47="","",IF(H47<>"Yên",1,0)) | S47: =IF(K47="","",IF(K47>Ngưỡng!$B$6,1,0)) | T47: =IF(N47="","",IF(N47>=Ngưỡng!$B$3,1,0)) | U47: =IF(I47=5,U46+1,0) -> 0 | V47: =IF(AND(F47<>"",F47>=2),V46+1,0) -> 0 | W47: =IF(O47=0,W46+1,0) -> 4 | X47: =IF(OR(E47="",F47=""),"",ROUND((10*(E47-1)+10*(2-MIN(F47,2)))/60*100,0))
A48: P04 | B48: 5 | C48: =IF(B48<=7,1,2) -> 1 | N48: =IF(OR(E48="",F48="",G48=""),"",10*(E48-1)+10*(G48-1)+10*(2-MIN(F48,2))) | O48: =IF(AND(N48<>"",I48<>""),1,0) -> 0 | P48: =IF(N48="","",IF(N48<Ngưỡng!$B$4,1,0)) | Q48: =IF(I48="","",IF(I48>=Ngưỡng!$B$5,1,0)) | R48: =IF(H48="","",IF(H48<>"Yên",1,0)) | S48: =IF(K48="","",IF(K48>Ngưỡng!$B$6,1,0)) | T48: =IF(N48="","",IF(N48>=Ngưỡng!$B$3,1,0)) | U48: =IF(I48=5,U47+1,0) -> 0 | V48: =IF(AND(F48<>"",F48>=2),V47+1,0) -> 0 | W48: =IF(O48=0,W47+1,0) -> 5 | X48: =IF(OR(E48="",F48=""),"",ROUND((10*(E48-1)+10*(2-MIN(F48,2)))/60*100,0))
A49: P04 | B49: 6 | C49: =IF(B49<=7,1,2) -> 1 | N49: =IF(OR(E49="",F49="",G49=""),"",10*(E49-1)+10*(G49-1)+10*(2-MIN(F49,2))) | O49: =IF(AND(N49<>"",I49<>""),1,0) -> 0 | P49: =IF(N49="","",IF(N49<Ngưỡng!$B$4,1,0)) | Q49: =IF(I49="","",IF(I49>=Ngưỡng!$B$5,1,0)) | R49: =IF(H49="","",IF(H49<>"Yên",1,0)) | S49: =IF(K49="","",IF(K49>Ngưỡng!$B$6,1,0)) | T49: =IF(N49="","",IF(N49>=Ngưỡng!$B$3,1,0)) | U49: =IF(I49=5,U48+1,0) -> 0 | V49: =IF(AND(F49<>"",F49>=2),V48+1,0) -> 0 | W49: =IF(O49=0,W48+1,0) -> 6 | X49: =IF(OR(E49="",F49=""),"",ROUND((10*(E49-1)+10*(2-MIN(F49,2)))/60*100,0))
A50: P04 | B50: 7 | C50: =IF(B50<=7,1,2) -> 1 | N50: =IF(OR(E50="",F50="",G50=""),"",10*(E50-1)+10*(G50-1)+10*(2-MIN(F50,2))) | O50: =IF(AND(N50<>"",I50<>""),1,0) -> 0 | P50: =IF(N50="","",IF(N50<Ngưỡng!$B$4,1,0)) | Q50: =IF(I50="","",IF(I50>=Ngưỡng!$B$5,1,0)) | R50: =IF(H50="","",IF(H50<>"Yên",1,0)) | S50: =IF(K50="","",IF(K50>Ngưỡng!$B$6,1,0)) | T50: =IF(N50="","",IF(N50>=Ngưỡng!$B$3,1,0)) | U50: =IF(I50=5,U49+1,0) -> 0 | V50: =IF(AND(F50<>"",F50>=2),V49+1,0) -> 0 | W50: =IF(O50=0,W49+1,0) -> 7 | X50: =IF(OR(E50="",F50=""),"",ROUND((10*(E50-1)+10*(2-MIN(F50,2)))/60*100,0))
A51: P04 | B51: 8 | C51: =IF(B51<=7,1,2) -> 2 | N51: =IF(OR(E51="",F51="",G51=""),"",10*(E51-1)+10*(G51-1)+10*(2-MIN(F51,2))) | O51: =IF(AND(N51<>"",I51<>""),1,0) -> 0 | P51: =IF(N51="","",IF(N51<Ngưỡng!$B$4,1,0)) | Q51: =IF(I51="","",IF(I51>=Ngưỡng!$B$5,1,0)) | R51: =IF(H51="","",IF(H51<>"Yên",1,0)) | S51: =IF(K51="","",IF(K51>Ngưỡng!$B$6,1,0)) | T51: =IF(N51="","",IF(N51>=Ngưỡng!$B$3,1,0)) | U51: =IF(I51=5,U50+1,0) -> 0 | V51: =IF(AND(F51<>"",F51>=2),V50+1,0) -> 0 | W51: =IF(O51=0,W50+1,0) -> 8 | X51: =IF(OR(E51="",F51=""),"",ROUND((10*(E51-1)+10*(2-MIN(F51,2)))/60*100,0))
A52: P04 | B52: 9 | C52: =IF(B52<=7,1,2) -> 2 | N52: =IF(OR(E52="",F52="",G52=""),"",10*(E52-1)+10*(G52-1)+10*(2-MIN(F52,2))) | O52: =IF(AND(N52<>"",I52<>""),1,0) -> 0 | P52: =IF(N52="","",IF(N52<Ngưỡng!$B$4,1,0)) | Q52: =IF(I52="","",IF(I52>=Ngưỡng!$B$5,1,0)) | R52: =IF(H52="","",IF(H52<>"Yên",1,0)) | S52: =IF(K52="","",IF(K52>Ngưỡng!$B$6,1,0)) | T52: =IF(N52="","",IF(N52>=Ngưỡng!$B$3,1,0)) | U52: =IF(I52=5,U51+1,0) -> 0 | V52: =IF(AND(F52<>"",F52>=2),V51+1,0) -> 0 | W52: =IF(O52=0,W51+1,0) -> 9 | X52: =IF(OR(E52="",F52=""),"",ROUND((10*(E52-1)+10*(2-MIN(F52,2)))/60*100,0))
A53: P04 | B53: 10 | C53: =IF(B53<=7,1,2) -> 2 | N53: =IF(OR(E53="",F53="",G53=""),"",10*(E53-1)+10*(G53-1)+10*(2-MIN(F53,2))) | O53: =IF(AND(N53<>"",I53<>""),1,0) -> 0 | P53: =IF(N53="","",IF(N53<Ngưỡng!$B$4,1,0)) | Q53: =IF(I53="","",IF(I53>=Ngưỡng!$B$5,1,0)) | R53: =IF(H53="","",IF(H53<>"Yên",1,0)) | S53: =IF(K53="","",IF(K53>Ngưỡng!$B$6,1,0)) | T53: =IF(N53="","",IF(N53>=Ngưỡng!$B$3,1,0)) | U53: =IF(I53=5,U52+1,0) -> 0 | V53: =IF(AND(F53<>"",F53>=2),V52+1,0) -> 0 | W53: =IF(O53=0,W52+1,0) -> 10 | X53: =IF(OR(E53="",F53=""),"",ROUND((10*(E53-1)+10*(2-MIN(F53,2)))/60*100,0))
A54: P04 | B54: 11 | C54: =IF(B54<=7,1,2) -> 2 | N54: =IF(OR(E54="",F54="",G54=""),"",10*(E54-1)+10*(G54-1)+10*(2-MIN(F54,2))) | O54: =IF(AND(N54<>"",I54<>""),1,0) -> 0 | P54: =IF(N54="","",IF(N54<Ngưỡng!$B$4,1,0)) | Q54: =IF(I54="","",IF(I54>=Ngưỡng!$B$5,1,0)) | R54: =IF(H54="","",IF(H54<>"Yên",1,0)) | S54: =IF(K54="","",IF(K54>Ngưỡng!$B$6,1,0)) | T54: =IF(N54="","",IF(N54>=Ngưỡng!$B$3,1,0)) | U54: =IF(I54=5,U53+1,0) -> 0 | V54: =IF(AND(F54<>"",F54>=2),V53+1,0) -> 0 | W54: =IF(O54=0,W53+1,0) -> 11 | X54: =IF(OR(E54="",F54=""),"",ROUND((10*(E54-1)+10*(2-MIN(F54,2)))/60*100,0))
A55: P04 | B55: 12 | C55: =IF(B55<=7,1,2) -> 2 | N55: =IF(OR(E55="",F55="",G55=""),"",10*(E55-1)+10*(G55-1)+10*(2-MIN(F55,2))) | O55: =IF(AND(N55<>"",I55<>""),1,0) -> 0 | P55: =IF(N55="","",IF(N55<Ngưỡng!$B$4,1,0)) | Q55: =IF(I55="","",IF(I55>=Ngưỡng!$B$5,1,0)) | R55: =IF(H55="","",IF(H55<>"Yên",1,0)) | S55: =IF(K55="","",IF(K55>Ngưỡng!$B$6,1,0)) | T55: =IF(N55="","",IF(N55>=Ngưỡng!$B$3,1,0)) | U55: =IF(I55=5,U54+1,0) -> 0 | V55: =IF(AND(F55<>"",F55>=2),V54+1,0) -> 0 | W55: =IF(O55=0,W54+1,0) -> 12 | X55: =IF(OR(E55="",F55=""),"",ROUND((10*(E55-1)+10*(2-MIN(F55,2)))/60*100,0))
A56: P04 | B56: 13 | C56: =IF(B56<=7,1,2) -> 2 | N56: =IF(OR(E56="",F56="",G56=""),"",10*(E56-1)+10*(G56-1)+10*(2-MIN(F56,2))) | O56: =IF(AND(N56<>"",I56<>""),1,0) -> 0 | P56: =IF(N56="","",IF(N56<Ngưỡng!$B$4,1,0)) | Q56: =IF(I56="","",IF(I56>=Ngưỡng!$B$5,1,0)) | R56: =IF(H56="","",IF(H56<>"Yên",1,0)) | S56: =IF(K56="","",IF(K56>Ngưỡng!$B$6,1,0)) | T56: =IF(N56="","",IF(N56>=Ngưỡng!$B$3,1,0)) | U56: =IF(I56=5,U55+1,0) -> 0 | V56: =IF(AND(F56<>"",F56>=2),V55+1,0) -> 0 | W56: =IF(O56=0,W55+1,0) -> 13 | X56: =IF(OR(E56="",F56=""),"",ROUND((10*(E56-1)+10*(2-MIN(F56,2)))/60*100,0))
A57: P04 | B57: 14 | C57: =IF(B57<=7,1,2) -> 2 | N57: =IF(OR(E57="",F57="",G57=""),"",10*(E57-1)+10*(G57-1)+10*(2-MIN(F57,2))) | O57: =IF(AND(N57<>"",I57<>""),1,0) -> 0 | P57: =IF(N57="","",IF(N57<Ngưỡng!$B$4,1,0)) | Q57: =IF(I57="","",IF(I57>=Ngưỡng!$B$5,1,0)) | R57: =IF(H57="","",IF(H57<>"Yên",1,0)) | S57: =IF(K57="","",IF(K57>Ngưỡng!$B$6,1,0)) | T57: =IF(N57="","",IF(N57>=Ngưỡng!$B$3,1,0)) | U57: =IF(I57=5,U56+1,0) -> 0 | V57: =IF(AND(F57<>"",F57>=2),V56+1,0) -> 0 | W57: =IF(O57=0,W56+1,0) -> 14 | X57: =IF(OR(E57="",F57=""),"",ROUND((10*(E57-1)+10*(2-MIN(F57,2)))/60*100,0))
A58: P05 | B58: 1 | C58: =IF(B58<=7,1,2) -> 1 | N58: =IF(OR(E58="",F58="",G58=""),"",10*(E58-1)+10*(G58-1)+10*(2-MIN(F58,2))) | O58: =IF(AND(N58<>"",I58<>""),1,0) -> 0 | P58: =IF(N58="","",IF(N58<Ngưỡng!$B$4,1,0)) | Q58: =IF(I58="","",IF(I58>=Ngưỡng!$B$5,1,0)) | R58: =IF(H58="","",IF(H58<>"Yên",1,0)) | S58: =IF(K58="","",IF(K58>Ngưỡng!$B$6,1,0)) | T58: =IF(N58="","",IF(N58>=Ngưỡng!$B$3,1,0)) | U58: =IF(I58=5,0+1,0) -> 0 | V58: =IF(AND(F58<>"",F58>=2),0+1,0) -> 0 | W58: =IF(O58=0,0+1,0) -> 1 | X58: =IF(OR(E58="",F58=""),"",ROUND((10*(E58-1)+10*(2-MIN(F58,2)))/60*100,0))
A59: P05 | B59: 2 | C59: =IF(B59<=7,1,2) -> 1 | N59: =IF(OR(E59="",F59="",G59=""),"",10*(E59-1)+10*(G59-1)+10*(2-MIN(F59,2))) | O59: =IF(AND(N59<>"",I59<>""),1,0) -> 0 | P59: =IF(N59="","",IF(N59<Ngưỡng!$B$4,1,0)) | Q59: =IF(I59="","",IF(I59>=Ngưỡng!$B$5,1,0)) | R59: =IF(H59="","",IF(H59<>"Yên",1,0)) | S59: =IF(K59="","",IF(K59>Ngưỡng!$B$6,1,0)) | T59: =IF(N59="","",IF(N59>=Ngưỡng!$B$3,1,0)) | U59: =IF(I59=5,U58+1,0) -> 0 | V59: =IF(AND(F59<>"",F59>=2),V58+1,0) -> 0 | W59: =IF(O59=0,W58+1,0) -> 2 | X59: =IF(OR(E59="",F59=""),"",ROUND((10*(E59-1)+10*(2-MIN(F59,2)))/60*100,0))
A60: P05 | B60: 3 | C60: =IF(B60<=7,1,2) -> 1 | N60: =IF(OR(E60="",F60="",G60=""),"",10*(E60-1)+10*(G60-1)+10*(2-MIN(F60,2))) | O60: =IF(AND(N60<>"",I60<>""),1,0) -> 0 | P60: =IF(N60="","",IF(N60<Ngưỡng!$B$4,1,0)) | Q60: =IF(I60="","",IF(I60>=Ngưỡng!$B$5,1,0)) | R60: =IF(H60="","",IF(H60<>"Yên",1,0)) | S60: =IF(K60="","",IF(K60>Ngưỡng!$B$6,1,0)) | T60: =IF(N60="","",IF(N60>=Ngưỡng!$B$3,1,0)) | U60: =IF(I60=5,U59+1,0) -> 0 | V60: =IF(AND(F60<>"",F60>=2),V59+1,0) -> 0 | W60: =IF(O60=0,W59+1,0) -> 3 | X60: =IF(OR(E60="",F60=""),"",ROUND((10*(E60-1)+10*(2-MIN(F60,2)))/60*100,0))
A61: P05 | B61: 4 | C61: =IF(B61<=7,1,2) -> 1 | N61: =IF(OR(E61="",F61="",G61=""),"",10*(E61-1)+10*(G61-1)+10*(2-MIN(F61,2))) | O61: =IF(AND(N61<>"",I61<>""),1,0) -> 0 | P61: =IF(N61="","",IF(N61<Ngưỡng!$B$4,1,0)) | Q61: =IF(I61="","",IF(I61>=Ngưỡng!$B$5,1,0)) | R61: =IF(H61="","",IF(H61<>"Yên",1,0)) | S61: =IF(K61="","",IF(K61>Ngưỡng!$B$6,1,0)) | T61: =IF(N61="","",IF(N61>=Ngưỡng!$B$3,1,0)) | U61: =IF(I61=5,U60+1,0) -> 0 | V61: =IF(AND(F61<>"",F61>=2),V60+1,0) -> 0 | W61: =IF(O61=0,W60+1,0) -> 4 | X61: =IF(OR(E61="",F61=""),"",ROUND((10*(E61-1)+10*(2-MIN(F61,2)))/60*100,0))
A62: P05 | B62: 5 | C62: =IF(B62<=7,1,2) -> 1 | N62: =IF(OR(E62="",F62="",G62=""),"",10*(E62-1)+10*(G62-1)+10*(2-MIN(F62,2))) | O62: =IF(AND(N62<>"",I62<>""),1,0) -> 0 | P62: =IF(N62="","",IF(N62<Ngưỡng!$B$4,1,0)) | Q62: =IF(I62="","",IF(I62>=Ngưỡng!$B$5,1,0)) | R62: =IF(H62="","",IF(H62<>"Yên",1,0)) | S62: =IF(K62="","",IF(K62>Ngưỡng!$B$6,1,0)) | T62: =IF(N62="","",IF(N62>=Ngưỡng!$B$3,1,0)) | U62: =IF(I62=5,U61+1,0) -> 0 | V62: =IF(AND(F62<>"",F62>=2),V61+1,0) -> 0 | W62: =IF(O62=0,W61+1,0) -> 5 | X62: =IF(OR(E62="",F62=""),"",ROUND((10*(E62-1)+10*(2-MIN(F62,2)))/60*100,0))
A63: P05 | B63: 6 | C63: =IF(B63<=7,1,2) -> 1 | N63: =IF(OR(E63="",F63="",G63=""),"",10*(E63-1)+10*(G63-1)+10*(2-MIN(F63,2))) | O63: =IF(AND(N63<>"",I63<>""),1,0) -> 0 | P63: =IF(N63="","",IF(N63<Ngưỡng!$B$4,1,0)) | Q63: =IF(I63="","",IF(I63>=Ngưỡng!$B$5,1,0)) | R63: =IF(H63="","",IF(H63<>"Yên",1,0)) | S63: =IF(K63="","",IF(K63>Ngưỡng!$B$6,1,0)) | T63: =IF(N63="","",IF(N63>=Ngưỡng!$B$3,1,0)) | U63: =IF(I63=5,U62+1,0) -> 0 | V63: =IF(AND(F63<>"",F63>=2),V62+1,0) -> 0 | W63: =IF(O63=0,W62+1,0) -> 6 | X63: =IF(OR(E63="",F63=""),"",ROUND((10*(E63-1)+10*(2-MIN(F63,2)))/60*100,0))
A64: P05 | B64: 7 | C64: =IF(B64<=7,1,2) -> 1 | N64: =IF(OR(E64="",F64="",G64=""),"",10*(E64-1)+10*(G64-1)+10*(2-MIN(F64,2))) | O64: =IF(AND(N64<>"",I64<>""),1,0) -> 0 | P64: =IF(N64="","",IF(N64<Ngưỡng!$B$4,1,0)) | Q64: =IF(I64="","",IF(I64>=Ngưỡng!$B$5,1,0)) | R64: =IF(H64="","",IF(H64<>"Yên",1,0)) | S64: =IF(K64="","",IF(K64>Ngưỡng!$B$6,1,0)) | T64: =IF(N64="","",IF(N64>=Ngưỡng!$B$3,1,0)) | U64: =IF(I64=5,U63+1,0) -> 0 | V64: =IF(AND(F64<>"",F64>=2),V63+1,0) -> 0 | W64: =IF(O64=0,W63+1,0) -> 7 | X64: =IF(OR(E64="",F64=""),"",ROUND((10*(E64-1)+10*(2-MIN(F64,2)))/60*100,0))
A65: P05 | B65: 8 | C65: =IF(B65<=7,1,2) -> 2 | N65: =IF(OR(E65="",F65="",G65=""),"",10*(E65-1)+10*(G65-1)+10*(2-MIN(F65,2))) | O65: =IF(AND(N65<>"",I65<>""),1,0) -> 0 | P65: =IF(N65="","",IF(N65<Ngưỡng!$B$4,1,0)) | Q65: =IF(I65="","",IF(I65>=Ngưỡng!$B$5,1,0)) | R65: =IF(H65="","",IF(H65<>"Yên",1,0)) | S65: =IF(K65="","",IF(K65>Ngưỡng!$B$6,1,0)) | T65: =IF(N65="","",IF(N65>=Ngưỡng!$B$3,1,0)) | U65: =IF(I65=5,U64+1,0) -> 0 | V65: =IF(AND(F65<>"",F65>=2),V64+1,0) -> 0 | W65: =IF(O65=0,W64+1,0) -> 8 | X65: =IF(OR(E65="",F65=""),"",ROUND((10*(E65-1)+10*(2-MIN(F65,2)))/60*100,0))
A66: P05 | B66: 9 | C66: =IF(B66<=7,1,2) -> 2 | N66: =IF(OR(E66="",F66="",G66=""),"",10*(E66-1)+10*(G66-1)+10*(2-MIN(F66,2))) | O66: =IF(AND(N66<>"",I66<>""),1,0) -> 0 | P66: =IF(N66="","",IF(N66<Ngưỡng!$B$4,1,0)) | Q66: =IF(I66="","",IF(I66>=Ngưỡng!$B$5,1,0)) | R66: =IF(H66="","",IF(H66<>"Yên",1,0)) | S66: =IF(K66="","",IF(K66>Ngưỡng!$B$6,1,0)) | T66: =IF(N66="","",IF(N66>=Ngưỡng!$B$3,1,0)) | U66: =IF(I66=5,U65+1,0) -> 0 | V66: =IF(AND(F66<>"",F66>=2),V65+1,0) -> 0 | W66: =IF(O66=0,W65+1,0) -> 9 | X66: =IF(OR(E66="",F66=""),"",ROUND((10*(E66-1)+10*(2-MIN(F66,2)))/60*100,0))
A67: P05 | B67: 10 | C67: =IF(B67<=7,1,2) -> 2 | N67: =IF(OR(E67="",F67="",G67=""),"",10*(E67-1)+10*(G67-1)+10*(2-MIN(F67,2))) | O67: =IF(AND(N67<>"",I67<>""),1,0) -> 0 | P67: =IF(N67="","",IF(N67<Ngưỡng!$B$4,1,0)) | Q67: =IF(I67="","",IF(I67>=Ngưỡng!$B$5,1,0)) | R67: =IF(H67="","",IF(H67<>"Yên",1,0)) | S67: =IF(K67="","",IF(K67>Ngưỡng!$B$6,1,0)) | T67: =IF(N67="","",IF(N67>=Ngưỡng!$B$3,1,0)) | U67: =IF(I67=5,U66+1,0) -> 0 | V67: =IF(AND(F67<>"",F67>=2),V66+1,0) -> 0 | W67: =IF(O67=0,W66+1,0) -> 10 | X67: =IF(OR(E67="",F67=""),"",ROUND((10*(E67-1)+10*(2-MIN(F67,2)))/60*100,0))
A68: P05 | B68: 11 | C68: =IF(B68<=7,1,2) -> 2 | N68: =IF(OR(E68="",F68="",G68=""),"",10*(E68-1)+10*(G68-1)+10*(2-MIN(F68,2))) | O68: =IF(AND(N68<>"",I68<>""),1,0) -> 0 | P68: =IF(N68="","",IF(N68<Ngưỡng!$B$4,1,0)) | Q68: =IF(I68="","",IF(I68>=Ngưỡng!$B$5,1,0)) | R68: =IF(H68="","",IF(H68<>"Yên",1,0)) | S68: =IF(K68="","",IF(K68>Ngưỡng!$B$6,1,0)) | T68: =IF(N68="","",IF(N68>=Ngưỡng!$B$3,1,0)) | U68: =IF(I68=5,U67+1,0) -> 0 | V68: =IF(AND(F68<>"",F68>=2),V67+1,0) -> 0 | W68: =IF(O68=0,W67+1,0) -> 11 | X68: =IF(OR(E68="",F68=""),"",ROUND((10*(E68-1)+10*(2-MIN(F68,2)))/60*100,0))
A69: P05 | B69: 12 | C69: =IF(B69<=7,1,2) -> 2 | N69: =IF(OR(E69="",F69="",G69=""),"",10*(E69-1)+10*(G69-1)+10*(2-MIN(F69,2))) | O69: =IF(AND(N69<>"",I69<>""),1,0) -> 0 | P69: =IF(N69="","",IF(N69<Ngưỡng!$B$4,1,0)) | Q69: =IF(I69="","",IF(I69>=Ngưỡng!$B$5,1,0)) | R69: =IF(H69="","",IF(H69<>"Yên",1,0)) | S69: =IF(K69="","",IF(K69>Ngưỡng!$B$6,1,0)) | T69: =IF(N69="","",IF(N69>=Ngưỡng!$B$3,1,0)) | U69: =IF(I69=5,U68+1,0) -> 0 | V69: =IF(AND(F69<>"",F69>=2),V68+1,0) -> 0 | W69: =IF(O69=0,W68+1,0) -> 12 | X69: =IF(OR(E69="",F69=""),"",ROUND((10*(E69-1)+10*(2-MIN(F69,2)))/60*100,0))
A70: P05 | B70: 13 | C70: =IF(B70<=7,1,2) -> 2 | N70: =IF(OR(E70="",F70="",G70=""),"",10*(E70-1)+10*(G70-1)+10*(2-MIN(F70,2))) | O70: =IF(AND(N70<>"",I70<>""),1,0) -> 0 | P70: =IF(N70="","",IF(N70<Ngưỡng!$B$4,1,0)) | Q70: =IF(I70="","",IF(I70>=Ngưỡng!$B$5,1,0)) | R70: =IF(H70="","",IF(H70<>"Yên",1,0)) | S70: =IF(K70="","",IF(K70>Ngưỡng!$B$6,1,0)) | T70: =IF(N70="","",IF(N70>=Ngưỡng!$B$3,1,0)) | U70: =IF(I70=5,U69+1,0) -> 0 | V70: =IF(AND(F70<>"",F70>=2),V69+1,0) -> 0 | W70: =IF(O70=0,W69+1,0) -> 13 | X70: =IF(OR(E70="",F70=""),"",ROUND((10*(E70-1)+10*(2-MIN(F70,2)))/60*100,0))
A71: P05 | B71: 14 | C71: =IF(B71<=7,1,2) -> 2 | N71: =IF(OR(E71="",F71="",G71=""),"",10*(E71-1)+10*(G71-1)+10*(2-MIN(F71,2))) | O71: =IF(AND(N71<>"",I71<>""),1,0) -> 0 | P71: =IF(N71="","",IF(N71<Ngưỡng!$B$4,1,0)) | Q71: =IF(I71="","",IF(I71>=Ngưỡng!$B$5,1,0)) | R71: =IF(H71="","",IF(H71<>"Yên",1,0)) | S71: =IF(K71="","",IF(K71>Ngưỡng!$B$6,1,0)) | T71: =IF(N71="","",IF(N71>=Ngưỡng!$B$3,1,0)) | U71: =IF(I71=5,U70+1,0) -> 0 | V71: =IF(AND(F71<>"",F71>=2),V70+1,0) -> 0 | W71: =IF(O71=0,W70+1,0) -> 14 | X71: =IF(OR(E71="",F71=""),"",ROUND((10*(E71-1)+10*(2-MIN(F71,2)))/60*100,0))
A72: P06 | B72: 1 | C72: =IF(B72<=7,1,2) -> 1 | N72: =IF(OR(E72="",F72="",G72=""),"",10*(E72-1)+10*(G72-1)+10*(2-MIN(F72,2))) | O72: =IF(AND(N72<>"",I72<>""),1,0) -> 0 | P72: =IF(N72="","",IF(N72<Ngưỡng!$B$4,1,0)) | Q72: =IF(I72="","",IF(I72>=Ngưỡng!$B$5,1,0)) | R72: =IF(H72="","",IF(H72<>"Yên",1,0)) | S72: =IF(K72="","",IF(K72>Ngưỡng!$B$6,1,0)) | T72: =IF(N72="","",IF(N72>=Ngưỡng!$B$3,1,0)) | U72: =IF(I72=5,0+1,0) -> 0 | V72: =IF(AND(F72<>"",F72>=2),0+1,0) -> 0 | W72: =IF(O72=0,0+1,0) -> 1 | X72: =IF(OR(E72="",F72=""),"",ROUND((10*(E72-1)+10*(2-MIN(F72,2)))/60*100,0))
A73: P06 | B73: 2 | C73: =IF(B73<=7,1,2) -> 1 | N73: =IF(OR(E73="",F73="",G73=""),"",10*(E73-1)+10*(G73-1)+10*(2-MIN(F73,2))) | O73: =IF(AND(N73<>"",I73<>""),1,0) -> 0 | P73: =IF(N73="","",IF(N73<Ngưỡng!$B$4,1,0)) | Q73: =IF(I73="","",IF(I73>=Ngưỡng!$B$5,1,0)) | R73: =IF(H73="","",IF(H73<>"Yên",1,0)) | S73: =IF(K73="","",IF(K73>Ngưỡng!$B$6,1,0)) | T73: =IF(N73="","",IF(N73>=Ngưỡng!$B$3,1,0)) | U73: =IF(I73=5,U72+1,0) -> 0 | V73: =IF(AND(F73<>"",F73>=2),V72+1,0) -> 0 | W73: =IF(O73=0,W72+1,0) -> 2 | X73: =IF(OR(E73="",F73=""),"",ROUND((10*(E73-1)+10*(2-MIN(F73,2)))/60*100,0))
A74: P06 | B74: 3 | C74: =IF(B74<=7,1,2) -> 1 | N74: =IF(OR(E74="",F74="",G74=""),"",10*(E74-1)+10*(G74-1)+10*(2-MIN(F74,2))) | O74: =IF(AND(N74<>"",I74<>""),1,0) -> 0 | P74: =IF(N74="","",IF(N74<Ngưỡng!$B$4,1,0)) | Q74: =IF(I74="","",IF(I74>=Ngưỡng!$B$5,1,0)) | R74: =IF(H74="","",IF(H74<>"Yên",1,0)) | S74: =IF(K74="","",IF(K74>Ngưỡng!$B$6,1,0)) | T74: =IF(N74="","",IF(N74>=Ngưỡng!$B$3,1,0)) | U74: =IF(I74=5,U73+1,0) -> 0 | V74: =IF(AND(F74<>"",F74>=2),V73+1,0) -> 0 | W74: =IF(O74=0,W73+1,0) -> 3 | X74: =IF(OR(E74="",F74=""),"",ROUND((10*(E74-1)+10*(2-MIN(F74,2)))/60*100,0))
A75: P06 | B75: 4 | C75: =IF(B75<=7,1,2) -> 1 | N75: =IF(OR(E75="",F75="",G75=""),"",10*(E75-1)+10*(G75-1)+10*(2-MIN(F75,2))) | O75: =IF(AND(N75<>"",I75<>""),1,0) -> 0 | P75: =IF(N75="","",IF(N75<Ngưỡng!$B$4,1,0)) | Q75: =IF(I75="","",IF(I75>=Ngưỡng!$B$5,1,0)) | R75: =IF(H75="","",IF(H75<>"Yên",1,0)) | S75: =IF(K75="","",IF(K75>Ngưỡng!$B$6,1,0)) | T75: =IF(N75="","",IF(N75>=Ngưỡng!$B$3,1,0)) | U75: =IF(I75=5,U74+1,0) -> 0 | V75: =IF(AND(F75<>"",F75>=2),V74+1,0) -> 0 | W75: =IF(O75=0,W74+1,0) -> 4 | X75: =IF(OR(E75="",F75=""),"",ROUND((10*(E75-1)+10*(2-MIN(F75,2)))/60*100,0))
A76: P06 | B76: 5 | C76: =IF(B76<=7,1,2) -> 1 | N76: =IF(OR(E76="",F76="",G76=""),"",10*(E76-1)+10*(G76-1)+10*(2-MIN(F76,2))) | O76: =IF(AND(N76<>"",I76<>""),1,0) -> 0 | P76: =IF(N76="","",IF(N76<Ngưỡng!$B$4,1,0)) | Q76: =IF(I76="","",IF(I76>=Ngưỡng!$B$5,1,0)) | R76: =IF(H76="","",IF(H76<>"Yên",1,0)) | S76: =IF(K76="","",IF(K76>Ngưỡng!$B$6,1,0)) | T76: =IF(N76="","",IF(N76>=Ngưỡng!$B$3,1,0)) | U76: =IF(I76=5,U75+1,0) -> 0 | V76: =IF(AND(F76<>"",F76>=2),V75+1,0) -> 0 | W76: =IF(O76=0,W75+1,0) -> 5 | X76: =IF(OR(E76="",F76=""),"",ROUND((10*(E76-1)+10*(2-MIN(F76,2)))/60*100,0))
A77: P06 | B77: 6 | C77: =IF(B77<=7,1,2) -> 1 | N77: =IF(OR(E77="",F77="",G77=""),"",10*(E77-1)+10*(G77-1)+10*(2-MIN(F77,2))) | O77: =IF(AND(N77<>"",I77<>""),1,0) -> 0 | P77: =IF(N77="","",IF(N77<Ngưỡng!$B$4,1,0)) | Q77: =IF(I77="","",IF(I77>=Ngưỡng!$B$5,1,0)) | R77: =IF(H77="","",IF(H77<>"Yên",1,0)) | S77: =IF(K77="","",IF(K77>Ngưỡng!$B$6,1,0)) | T77: =IF(N77="","",IF(N77>=Ngưỡng!$B$3,1,0)) | U77: =IF(I77=5,U76+1,0) -> 0 | V77: =IF(AND(F77<>"",F77>=2),V76+1,0) -> 0 | W77: =IF(O77=0,W76+1,0) -> 6 | X77: =IF(OR(E77="",F77=""),"",ROUND((10*(E77-1)+10*(2-MIN(F77,2)))/60*100,0))
A78: P06 | B78: 7 | C78: =IF(B78<=7,1,2) -> 1 | N78: =IF(OR(E78="",F78="",G78=""),"",10*(E78-1)+10*(G78-1)+10*(2-MIN(F78,2))) | O78: =IF(AND(N78<>"",I78<>""),1,0) -> 0 | P78: =IF(N78="","",IF(N78<Ngưỡng!$B$4,1,0)) | Q78: =IF(I78="","",IF(I78>=Ngưỡng!$B$5,1,0)) | R78: =IF(H78="","",IF(H78<>"Yên",1,0)) | S78: =IF(K78="","",IF(K78>Ngưỡng!$B$6,1,0)) | T78: =IF(N78="","",IF(N78>=Ngưỡng!$B$3,1,0)) | U78: =IF(I78=5,U77+1,0) -> 0 | V78: =IF(AND(F78<>"",F78>=2),V77+1,0) -> 0 | W78: =IF(O78=0,W77+1,0) -> 7 | X78: =IF(OR(E78="",F78=""),"",ROUND((10*(E78-1)+10*(2-MIN(F78,2)))/60*100,0))
A79: P06 | B79: 8 | C79: =IF(B79<=7,1,2) -> 2 | N79: =IF(OR(E79="",F79="",G79=""),"",10*(E79-1)+10*(G79-1)+10*(2-MIN(F79,2))) | O79: =IF(AND(N79<>"",I79<>""),1,0) -> 0 | P79: =IF(N79="","",IF(N79<Ngưỡng!$B$4,1,0)) | Q79: =IF(I79="","",IF(I79>=Ngưỡng!$B$5,1,0)) | R79: =IF(H79="","",IF(H79<>"Yên",1,0)) | S79: =IF(K79="","",IF(K79>Ngưỡng!$B$6,1,0)) | T79: =IF(N79="","",IF(N79>=Ngưỡng!$B$3,1,0)) | U79: =IF(I79=5,U78+1,0) -> 0 | V79: =IF(AND(F79<>"",F79>=2),V78+1,0) -> 0 | W79: =IF(O79=0,W78+1,0) -> 8 | X79: =IF(OR(E79="",F79=""),"",ROUND((10*(E79-1)+10*(2-MIN(F79,2)))/60*100,0))
A80: P06 | B80: 9 | C80: =IF(B80<=7,1,2) -> 2 | N80: =IF(OR(E80="",F80="",G80=""),"",10*(E80-1)+10*(G80-1)+10*(2-MIN(F80,2))) | O80: =IF(AND(N80<>"",I80<>""),1,0) -> 0 | P80: =IF(N80="","",IF(N80<Ngưỡng!$B$4,1,0)) | Q80: =IF(I80="","",IF(I80>=Ngưỡng!$B$5,1,0)) | R80: =IF(H80="","",IF(H80<>"Yên",1,0)) | S80: =IF(K80="","",IF(K80>Ngưỡng!$B$6,1,0)) | T80: =IF(N80="","",IF(N80>=Ngưỡng!$B$3,1,0)) | U80: =IF(I80=5,U79+1,0) -> 0 | V80: =IF(AND(F80<>"",F80>=2),V79+1,0) -> 0 | W80: =IF(O80=0,W79+1,0) -> 9 | X80: =IF(OR(E80="",F80=""),"",ROUND((10*(E80-1)+10*(2-MIN(F80,2)))/60*100,0))
A81: P06 | B81: 10 | C81: =IF(B81<=7,1,2) -> 2 | N81: =IF(OR(E81="",F81="",G81=""),"",10*(E81-1)+10*(G81-1)+10*(2-MIN(F81,2))) | O81: =IF(AND(N81<>"",I81<>""),1,0) -> 0 | P81: =IF(N81="","",IF(N81<Ngưỡng!$B$4,1,0)) | Q81: =IF(I81="","",IF(I81>=Ngưỡng!$B$5,1,0)) | R81: =IF(H81="","",IF(H81<>"Yên",1,0)) | S81: =IF(K81="","",IF(K81>Ngưỡng!$B$6,1,0)) | T81: =IF(N81="","",IF(N81>=Ngưỡng!$B$3,1,0)) | U81: =IF(I81=5,U80+1,0) -> 0 | V81: =IF(AND(F81<>"",F81>=2),V80+1,0) -> 0 | W81: =IF(O81=0,W80+1,0) -> 10 | X81: =IF(OR(E81="",F81=""),"",ROUND((10*(E81-1)+10*(2-MIN(F81,2)))/60*100,0))
A82: P06 | B82: 11 | C82: =IF(B82<=7,1,2) -> 2 | N82: =IF(OR(E82="",F82="",G82=""),"",10*(E82-1)+10*(G82-1)+10*(2-MIN(F82,2))) | O82: =IF(AND(N82<>"",I82<>""),1,0) -> 0 | P82: =IF(N82="","",IF(N82<Ngưỡng!$B$4,1,0)) | Q82: =IF(I82="","",IF(I82>=Ngưỡng!$B$5,1,0)) | R82: =IF(H82="","",IF(H82<>"Yên",1,0)) | S82: =IF(K82="","",IF(K82>Ngưỡng!$B$6,1,0)) | T82: =IF(N82="","",IF(N82>=Ngưỡng!$B$3,1,0)) | U82: =IF(I82=5,U81+1,0) -> 0 | V82: =IF(AND(F82<>"",F82>=2),V81+1,0) -> 0 | W82: =IF(O82=0,W81+1,0) -> 11 | X82: =IF(OR(E82="",F82=""),"",ROUND((10*(E82-1)+10*(2-MIN(F82,2)))/60*100,0))
A83: P06 | B83: 12 | C83: =IF(B83<=7,1,2) -> 2 | N83: =IF(OR(E83="",F83="",G83=""),"",10*(E83-1)+10*(G83-1)+10*(2-MIN(F83,2))) | O83: =IF(AND(N83<>"",I83<>""),1,0) -> 0 | P83: =IF(N83="","",IF(N83<Ngưỡng!$B$4,1,0)) | Q83: =IF(I83="","",IF(I83>=Ngưỡng!$B$5,1,0)) | R83: =IF(H83="","",IF(H83<>"Yên",1,0)) | S83: =IF(K83="","",IF(K83>Ngưỡng!$B$6,1,0)) | T83: =IF(N83="","",IF(N83>=Ngưỡng!$B$3,1,0)) | U83: =IF(I83=5,U82+1,0) -> 0 | V83: =IF(AND(F83<>"",F83>=2),V82+1,0) -> 0 | W83: =IF(O83=0,W82+1,0) -> 12 | X83: =IF(OR(E83="",F83=""),"",ROUND((10*(E83-1)+10*(2-MIN(F83,2)))/60*100,0))
A84: P06 | B84: 13 | C84: =IF(B84<=7,1,2) -> 2 | N84: =IF(OR(E84="",F84="",G84=""),"",10*(E84-1)+10*(G84-1)+10*(2-MIN(F84,2))) | O84: =IF(AND(N84<>"",I84<>""),1,0) -> 0 | P84: =IF(N84="","",IF(N84<Ngưỡng!$B$4,1,0)) | Q84: =IF(I84="","",IF(I84>=Ngưỡng!$B$5,1,0)) | R84: =IF(H84="","",IF(H84<>"Yên",1,0)) | S84: =IF(K84="","",IF(K84>Ngưỡng!$B$6,1,0)) | T84: =IF(N84="","",IF(N84>=Ngưỡng!$B$3,1,0)) | U84: =IF(I84=5,U83+1,0) -> 0 | V84: =IF(AND(F84<>"",F84>=2),V83+1,0) -> 0 | W84: =IF(O84=0,W83+1,0) -> 13 | X84: =IF(OR(E84="",F84=""),"",ROUND((10*(E84-1)+10*(2-MIN(F84,2)))/60*100,0))
A85: P06 | B85: 14 | C85: =IF(B85<=7,1,2) -> 2 | N85: =IF(OR(E85="",F85="",G85=""),"",10*(E85-1)+10*(G85-1)+10*(2-MIN(F85,2))) | O85: =IF(AND(N85<>"",I85<>""),1,0) -> 0 | P85: =IF(N85="","",IF(N85<Ngưỡng!$B$4,1,0)) | Q85: =IF(I85="","",IF(I85>=Ngưỡng!$B$5,1,0)) | R85: =IF(H85="","",IF(H85<>"Yên",1,0)) | S85: =IF(K85="","",IF(K85>Ngưỡng!$B$6,1,0)) | T85: =IF(N85="","",IF(N85>=Ngưỡng!$B$3,1,0)) | U85: =IF(I85=5,U84+1,0) -> 0 | V85: =IF(AND(F85<>"",F85>=2),V84+1,0) -> 0 | W85: =IF(O85=0,W84+1,0) -> 14 | X85: =IF(OR(E85="",F85=""),"",ROUND((10*(E85-1)+10*(2-MIN(F85,2)))/60*100,0))
A86: P07 | B86: 1 | C86: =IF(B86<=7,1,2) -> 1 | N86: =IF(OR(E86="",F86="",G86=""),"",10*(E86-1)+10*(G86-1)+10*(2-MIN(F86,2))) | O86: =IF(AND(N86<>"",I86<>""),1,0) -> 0 | P86: =IF(N86="","",IF(N86<Ngưỡng!$B$4,1,0)) | Q86: =IF(I86="","",IF(I86>=Ngưỡng!$B$5,1,0)) | R86: =IF(H86="","",IF(H86<>"Yên",1,0)) | S86: =IF(K86="","",IF(K86>Ngưỡng!$B$6,1,0)) | T86: =IF(N86="","",IF(N86>=Ngưỡng!$B$3,1,0)) | U86: =IF(I86=5,0+1,0) -> 0 | V86: =IF(AND(F86<>"",F86>=2),0+1,0) -> 0 | W86: =IF(O86=0,0+1,0) -> 1 | X86: =IF(OR(E86="",F86=""),"",ROUND((10*(E86-1)+10*(2-MIN(F86,2)))/60*100,0))
A87: P07 | B87: 2 | C87: =IF(B87<=7,1,2) -> 1 | N87: =IF(OR(E87="",F87="",G87=""),"",10*(E87-1)+10*(G87-1)+10*(2-MIN(F87,2))) | O87: =IF(AND(N87<>"",I87<>""),1,0) -> 0 | P87: =IF(N87="","",IF(N87<Ngưỡng!$B$4,1,0)) | Q87: =IF(I87="","",IF(I87>=Ngưỡng!$B$5,1,0)) | R87: =IF(H87="","",IF(H87<>"Yên",1,0)) | S87: =IF(K87="","",IF(K87>Ngưỡng!$B$6,1,0)) | T87: =IF(N87="","",IF(N87>=Ngưỡng!$B$3,1,0)) | U87: =IF(I87=5,U86+1,0) -> 0 | V87: =IF(AND(F87<>"",F87>=2),V86+1,0) -> 0 | W87: =IF(O87=0,W86+1,0) -> 2 | X87: =IF(OR(E87="",F87=""),"",ROUND((10*(E87-1)+10*(2-MIN(F87,2)))/60*100,0))
A88: P07 | B88: 3 | C88: =IF(B88<=7,1,2) -> 1 | N88: =IF(OR(E88="",F88="",G88=""),"",10*(E88-1)+10*(G88-1)+10*(2-MIN(F88,2))) | O88: =IF(AND(N88<>"",I88<>""),1,0) -> 0 | P88: =IF(N88="","",IF(N88<Ngưỡng!$B$4,1,0)) | Q88: =IF(I88="","",IF(I88>=Ngưỡng!$B$5,1,0)) | R88: =IF(H88="","",IF(H88<>"Yên",1,0)) | S88: =IF(K88="","",IF(K88>Ngưỡng!$B$6,1,0)) | T88: =IF(N88="","",IF(N88>=Ngưỡng!$B$3,1,0)) | U88: =IF(I88=5,U87+1,0) -> 0 | V88: =IF(AND(F88<>"",F88>=2),V87+1,0) -> 0 | W88: =IF(O88=0,W87+1,0) -> 3 | X88: =IF(OR(E88="",F88=""),"",ROUND((10*(E88-1)+10*(2-MIN(F88,2)))/60*100,0))
A89: P07 | B89: 4 | C89: =IF(B89<=7,1,2) -> 1 | N89: =IF(OR(E89="",F89="",G89=""),"",10*(E89-1)+10*(G89-1)+10*(2-MIN(F89,2))) | O89: =IF(AND(N89<>"",I89<>""),1,0) -> 0 | P89: =IF(N89="","",IF(N89<Ngưỡng!$B$4,1,0)) | Q89: =IF(I89="","",IF(I89>=Ngưỡng!$B$5,1,0)) | R89: =IF(H89="","",IF(H89<>"Yên",1,0)) | S89: =IF(K89="","",IF(K89>Ngưỡng!$B$6,1,0)) | T89: =IF(N89="","",IF(N89>=Ngưỡng!$B$3,1,0)) | U89: =IF(I89=5,U88+1,0) -> 0 | V89: =IF(AND(F89<>"",F89>=2),V88+1,0) -> 0 | W89: =IF(O89=0,W88+1,0) -> 4 | X89: =IF(OR(E89="",F89=""),"",ROUND((10*(E89-1)+10*(2-MIN(F89,2)))/60*100,0))
A90: P07 | B90: 5 | C90: =IF(B90<=7,1,2) -> 1 | N90: =IF(OR(E90="",F90="",G90=""),"",10*(E90-1)+10*(G90-1)+10*(2-MIN(F90,2))) | O90: =IF(AND(N90<>"",I90<>""),1,0) -> 0 | P90: =IF(N90="","",IF(N90<Ngưỡng!$B$4,1,0)) | Q90: =IF(I90="","",IF(I90>=Ngưỡng!$B$5,1,0)) | R90: =IF(H90="","",IF(H90<>"Yên",1,0)) | S90: =IF(K90="","",IF(K90>Ngưỡng!$B$6,1,0)) | T90: =IF(N90="","",IF(N90>=Ngưỡng!$B$3,1,0)) | U90: =IF(I90=5,U89+1,0) -> 0 | V90: =IF(AND(F90<>"",F90>=2),V89+1,0) -> 0 | W90: =IF(O90=0,W89+1,0) -> 5 | X90: =IF(OR(E90="",F90=""),"",ROUND((10*(E90-1)+10*(2-MIN(F90,2)))/60*100,0))
A91: P07 | B91: 6 | C91: =IF(B91<=7,1,2) -> 1 | N91: =IF(OR(E91="",F91="",G91=""),"",10*(E91-1)+10*(G91-1)+10*(2-MIN(F91,2))) | O91: =IF(AND(N91<>"",I91<>""),1,0) -> 0 | P91: =IF(N91="","",IF(N91<Ngưỡng!$B$4,1,0)) | Q91: =IF(I91="","",IF(I91>=Ngưỡng!$B$5,1,0)) | R91: =IF(H91="","",IF(H91<>"Yên",1,0)) | S91: =IF(K91="","",IF(K91>Ngưỡng!$B$6,1,0)) | T91: =IF(N91="","",IF(N91>=Ngưỡng!$B$3,1,0)) | U91: =IF(I91=5,U90+1,0) -> 0 | V91: =IF(AND(F91<>"",F91>=2),V90+1,0) -> 0 | W91: =IF(O91=0,W90+1,0) -> 6 | X91: =IF(OR(E91="",F91=""),"",ROUND((10*(E91-1)+10*(2-MIN(F91,2)))/60*100,0))
A92: P07 | B92: 7 | C92: =IF(B92<=7,1,2) -> 1 | N92: =IF(OR(E92="",F92="",G92=""),"",10*(E92-1)+10*(G92-1)+10*(2-MIN(F92,2))) | O92: =IF(AND(N92<>"",I92<>""),1,0) -> 0 | P92: =IF(N92="","",IF(N92<Ngưỡng!$B$4,1,0)) | Q92: =IF(I92="","",IF(I92>=Ngưỡng!$B$5,1,0)) | R92: =IF(H92="","",IF(H92<>"Yên",1,0)) | S92: =IF(K92="","",IF(K92>Ngưỡng!$B$6,1,0)) | T92: =IF(N92="","",IF(N92>=Ngưỡng!$B$3,1,0)) | U92: =IF(I92=5,U91+1,0) -> 0 | V92: =IF(AND(F92<>"",F92>=2),V91+1,0) -> 0 | W92: =IF(O92=0,W91+1,0) -> 7 | X92: =IF(OR(E92="",F92=""),"",ROUND((10*(E92-1)+10*(2-MIN(F92,2)))/60*100,0))
A93: P07 | B93: 8 | C93: =IF(B93<=7,1,2) -> 2 | N93: =IF(OR(E93="",F93="",G93=""),"",10*(E93-1)+10*(G93-1)+10*(2-MIN(F93,2))) | O93: =IF(AND(N93<>"",I93<>""),1,0) -> 0 | P93: =IF(N93="","",IF(N93<Ngưỡng!$B$4,1,0)) | Q93: =IF(I93="","",IF(I93>=Ngưỡng!$B$5,1,0)) | R93: =IF(H93="","",IF(H93<>"Yên",1,0)) | S93: =IF(K93="","",IF(K93>Ngưỡng!$B$6,1,0)) | T93: =IF(N93="","",IF(N93>=Ngưỡng!$B$3,1,0)) | U93: =IF(I93=5,U92+1,0) -> 0 | V93: =IF(AND(F93<>"",F93>=2),V92+1,0) -> 0 | W93: =IF(O93=0,W92+1,0) -> 8 | X93: =IF(OR(E93="",F93=""),"",ROUND((10*(E93-1)+10*(2-MIN(F93,2)))/60*100,0))
A94: P07 | B94: 9 | C94: =IF(B94<=7,1,2) -> 2 | N94: =IF(OR(E94="",F94="",G94=""),"",10*(E94-1)+10*(G94-1)+10*(2-MIN(F94,2))) | O94: =IF(AND(N94<>"",I94<>""),1,0) -> 0 | P94: =IF(N94="","",IF(N94<Ngưỡng!$B$4,1,0)) | Q94: =IF(I94="","",IF(I94>=Ngưỡng!$B$5,1,0)) | R94: =IF(H94="","",IF(H94<>"Yên",1,0)) | S94: =IF(K94="","",IF(K94>Ngưỡng!$B$6,1,0)) | T94: =IF(N94="","",IF(N94>=Ngưỡng!$B$3,1,0)) | U94: =IF(I94=5,U93+1,0) -> 0 | V94: =IF(AND(F94<>"",F94>=2),V93+1,0) -> 0 | W94: =IF(O94=0,W93+1,0) -> 9 | X94: =IF(OR(E94="",F94=""),"",ROUND((10*(E94-1)+10*(2-MIN(F94,2)))/60*100,0))
A95: P07 | B95: 10 | C95: =IF(B95<=7,1,2) -> 2 | N95: =IF(OR(E95="",F95="",G95=""),"",10*(E95-1)+10*(G95-1)+10*(2-MIN(F95,2))) | O95: =IF(AND(N95<>"",I95<>""),1,0) -> 0 | P95: =IF(N95="","",IF(N95<Ngưỡng!$B$4,1,0)) | Q95: =IF(I95="","",IF(I95>=Ngưỡng!$B$5,1,0)) | R95: =IF(H95="","",IF(H95<>"Yên",1,0)) | S95: =IF(K95="","",IF(K95>Ngưỡng!$B$6,1,0)) | T95: =IF(N95="","",IF(N95>=Ngưỡng!$B$3,1,0)) | U95: =IF(I95=5,U94+1,0) -> 0 | V95: =IF(AND(F95<>"",F95>=2),V94+1,0) -> 0 | W95: =IF(O95=0,W94+1,0) -> 10 | X95: =IF(OR(E95="",F95=""),"",ROUND((10*(E95-1)+10*(2-MIN(F95,2)))/60*100,0))
A96: P07 | B96: 11 | C96: =IF(B96<=7,1,2) -> 2 | N96: =IF(OR(E96="",F96="",G96=""),"",10*(E96-1)+10*(G96-1)+10*(2-MIN(F96,2))) | O96: =IF(AND(N96<>"",I96<>""),1,0) -> 0 | P96: =IF(N96="","",IF(N96<Ngưỡng!$B$4,1,0)) | Q96: =IF(I96="","",IF(I96>=Ngưỡng!$B$5,1,0)) | R96: =IF(H96="","",IF(H96<>"Yên",1,0)) | S96: =IF(K96="","",IF(K96>Ngưỡng!$B$6,1,0)) | T96: =IF(N96="","",IF(N96>=Ngưỡng!$B$3,1,0)) | U96: =IF(I96=5,U95+1,0) -> 0 | V96: =IF(AND(F96<>"",F96>=2),V95+1,0) -> 0 | W96: =IF(O96=0,W95+1,0) -> 11 | X96: =IF(OR(E96="",F96=""),"",ROUND((10*(E96-1)+10*(2-MIN(F96,2)))/60*100,0))
A97: P07 | B97: 12 | C97: =IF(B97<=7,1,2) -> 2 | N97: =IF(OR(E97="",F97="",G97=""),"",10*(E97-1)+10*(G97-1)+10*(2-MIN(F97,2))) | O97: =IF(AND(N97<>"",I97<>""),1,0) -> 0 | P97: =IF(N97="","",IF(N97<Ngưỡng!$B$4,1,0)) | Q97: =IF(I97="","",IF(I97>=Ngưỡng!$B$5,1,0)) | R97: =IF(H97="","",IF(H97<>"Yên",1,0)) | S97: =IF(K97="","",IF(K97>Ngưỡng!$B$6,1,0)) | T97: =IF(N97="","",IF(N97>=Ngưỡng!$B$3,1,0)) | U97: =IF(I97=5,U96+1,0) -> 0 | V97: =IF(AND(F97<>"",F97>=2),V96+1,0) -> 0 | W97: =IF(O97=0,W96+1,0) -> 12 | X97: =IF(OR(E97="",F97=""),"",ROUND((10*(E97-1)+10*(2-MIN(F97,2)))/60*100,0))
A98: P07 | B98: 13 | C98: =IF(B98<=7,1,2) -> 2 | N98: =IF(OR(E98="",F98="",G98=""),"",10*(E98-1)+10*(G98-1)+10*(2-MIN(F98,2))) | O98: =IF(AND(N98<>"",I98<>""),1,0) -> 0 | P98: =IF(N98="","",IF(N98<Ngưỡng!$B$4,1,0)) | Q98: =IF(I98="","",IF(I98>=Ngưỡng!$B$5,1,0)) | R98: =IF(H98="","",IF(H98<>"Yên",1,0)) | S98: =IF(K98="","",IF(K98>Ngưỡng!$B$6,1,0)) | T98: =IF(N98="","",IF(N98>=Ngưỡng!$B$3,1,0)) | U98: =IF(I98=5,U97+1,0) -> 0 | V98: =IF(AND(F98<>"",F98>=2),V97+1,0) -> 0 | W98: =IF(O98=0,W97+1,0) -> 13 | X98: =IF(OR(E98="",F98=""),"",ROUND((10*(E98-1)+10*(2-MIN(F98,2)))/60*100,0))
A99: P07 | B99: 14 | C99: =IF(B99<=7,1,2) -> 2 | N99: =IF(OR(E99="",F99="",G99=""),"",10*(E99-1)+10*(G99-1)+10*(2-MIN(F99,2))) | O99: =IF(AND(N99<>"",I99<>""),1,0) -> 0 | P99: =IF(N99="","",IF(N99<Ngưỡng!$B$4,1,0)) | Q99: =IF(I99="","",IF(I99>=Ngưỡng!$B$5,1,0)) | R99: =IF(H99="","",IF(H99<>"Yên",1,0)) | S99: =IF(K99="","",IF(K99>Ngưỡng!$B$6,1,0)) | T99: =IF(N99="","",IF(N99>=Ngưỡng!$B$3,1,0)) | U99: =IF(I99=5,U98+1,0) -> 0 | V99: =IF(AND(F99<>"",F99>=2),V98+1,0) -> 0 | W99: =IF(O99=0,W98+1,0) -> 14 | X99: =IF(OR(E99="",F99=""),"",ROUND((10*(E99-1)+10*(2-MIN(F99,2)))/60*100,0))
A100: P08 | B100: 1 | C100: =IF(B100<=7,1,2) -> 1 | N100: =IF(OR(E100="",F100="",G100=""),"",10*(E100-1)+10*(G100-1)+10*(2-MIN(F100,2))) | O100: =IF(AND(N100<>"",I100<>""),1,0) -> 0 | P100: =IF(N100="","",IF(N100<Ngưỡng!$B$4,1,0)) | Q100: =IF(I100="","",IF(I100>=Ngưỡng!$B$5,1,0)) | R100: =IF(H100="","",IF(H100<>"Yên",1,0)) | S100: =IF(K100="","",IF(K100>Ngưỡng!$B$6,1,0)) | T100: =IF(N100="","",IF(N100>=Ngưỡng!$B$3,1,0)) | U100: =IF(I100=5,0+1,0) -> 0 | V100: =IF(AND(F100<>"",F100>=2),0+1,0) -> 0 | W100: =IF(O100=0,0+1,0) -> 1 | X100: =IF(OR(E100="",F100=""),"",ROUND((10*(E100-1)+10*(2-MIN(F100,2)))/60*100,0))
...

Sheet Tổng kết
A1: Mã người | B1: Ngày đủ dữ liệu | C1: Số ngày căng | D1: Điểm TB tuần 1 | E1: Điểm TB tuần 2 | F1: Chênh T2-T1 | G1: Đêm đạt ngưỡng T2 | H1: Ngủ bám rễ? | I1: Số đêm vỡ | J1: Đêm vỡ khi căng | K1: Tỷ lệ vỡ khi căng | L1: Tỷ lệ vỡ khi yên | M1: Chênh lệch | N1: Tỷ lệ đầu không yên | O1: Số đêm ăn muộn | P1: Tỷ lệ vỡ khi ăn muộn | Q1: Sáng dậy TB tuần 2 | R1: Ngày căng tuần 2 | S1: Nguồn căng chính | T1: KẾT LUẬN NGÀY 15 | U1: LỜI MỜI CỦA AN | V1: Cờ an toàn | W1: n Việc | X1: n Tiền | Y1: n Người | Z1: n Không rõ | AA1: Ngủ thuần TB T2
A2: P01 | B2: =COUNTIFS('Nhật ký'!$A$2:$A$281,$A2,'Nhật ký'!$O$2:$O$281,1) -> 14 | C2: =COUNTIFS('Nhật ký'!$A$2:$A$281,$A2,'Nhật ký'!$Q$2:$Q$281,1) -> 6 | D2: =IFERROR(AVERAGEIFS('Nhật ký'!$N$2:$N$281,'Nhật ký'!$A$2:$A$281,$A2,'Nhật ký'!$C$2:$C$281,1),"") -> 48.571429 | E2: =IFERROR(AVERAGEIFS('Nhật ký'!$N$2:$N$281,'Nhật ký'!$A$2:$A$281,$A2,'Nhật ký'!$C$2:$C$281,2),"") -> 67.142857 | F2: =IF(OR(D2="",E2=""),"",E2-D2) -> 18.571429 | G2: =COUNTIFS('Nhật ký'!$A$2:$A$281,$A2,'Nhật ký'!$T$2:$T$281,1,'Nhật ký'!$C$2:$C$281,2) -> 4 | H2: =IF(F2="","",IF(AND(F2>=Ngưỡng!$B$11,G2>=Ngưỡng!$B$12),"Có","Chưa")) -> Có | I2: =COUNTIFS('Nhật ký'!$A$2:$A$281,$A2,'Nhật ký'!$P$2:$P$281,1) -> 6 | J2: =COUNTIFS('Nhật ký'!$A$2:$A$281,$A2,'Nhật ký'!$P$2:$P$281,1,'Nhật ký'!$Q$2:$Q$281,1) -> 5 | K2: =IFERROR(J2/C2,0) -> 0.83333333 | L2: =IFERROR(COUNTIFS('Nhật ký'!$A$2:$A$281,$A2,'Nhật ký'!$P$2:$P$281,1,'Nhật ký'!$Q$2:$Q$281,0)/COUNTIFS('Nhật ký'!$A$2:$A$281,$A2,'Nhật ký'!$Q$2:$Q$281,0),0) -> 0.125 | M2: =K2-L2 -> 0.70833333 | N2: =IFERROR(COUNTIFS('Nhật ký'!$A$2:$A$281,$A2,'Nhật ký'!$R$2:$R$281,1)/14,0) -> 0.42857143 | O2: =COUNTIFS('Nhật ký'!$A$2:$A$281,$A2,'Nhật ký'!$S$2:$S$281,1) -> 2 | P2: =IFERROR(COUNTIFS('Nhật ký'!$A$2:$A$281,$A2,'Nhật ký'!$P$2:$P$281,1,'Nhật ký'!$S$2:$S$281,1)/O2,0) -> 1 | Q2: =IFERROR(AVERAGEIFS('Nhật ký'!$G$2:$G$281,'Nhật ký'!$A$2:$A$281,$A2,'Nhật ký'!$C$2:$C$281,2),"") -> 3.4285714 | R2: =COUNTIFS('Nhật ký'!$A$2:$A$281,$A2,'Nhật ký'!$Q$2:$Q$281,1,'Nhật ký'!$C$2:$C$281,2) -> 3 | S2: =IF(MAX(W2:Z2)=0,"chưa rõ",INDEX(Ngưỡng!$D$3:$G$3,MATCH(MAX(W2:Z2),W2:Z2,0))) -> Việc | T2: =IF(B2=0,"",IF(B2<Ngưỡng!$B$8,"Chưa đủ dữ liệu: tổng kết ngủ, thêm 7 ngày",IF(H2<>"Có",IF(AND(ISNUMBER(AA2),AA2>=Ngưỡng!$B$27,ISNUMBER(Q2),Q2<Ngưỡng!$B$19),"Mời Hồi sinh lực","Chưa bám rễ: gia hạn 7 ngày"),IF(AND(O2>=Ngưỡng!$B$26,P2>K2),"Gốc tiêu hóa: ở lại Ngủ 7 ngày, dời bữa tối",IF(AND(C2>=Ngưỡng!$B$9,M2>=Ngưỡng!$B$14,K2>=Ngưỡng!$B$15,OR(N2>=Ngưỡng!$B$16,R2>=Ngưỡng!$B$17)),"Mời Xả áp lực",IF(AND(ISNUMBER(Q2),Q2<Ngưỡng!$B$19),"Mời Hồi sinh lực","Vào Cổng Khỏe")))))) -> Mời Xả áp lực | U2: =IF(T2="","",IF(T2="Mời Xả áp lực","14 đêm qua, giấc ngủ của bạn lên từ "&TEXT(D2,"0")&" lên "&TEXT(E2,"0")&" điểm. Nhưng "&J2&" trong "&I2&" đêm vỡ rơi đúng vào ngày bạn chấm căng từ 4, và phần lớn là căng vì "&S2&". Gốc rễ giờ nằm ở ban ngày, mình sang Xả áp lực nhé?",IF(T2="Mời Hồi sinh lực","Giấc ngủ của bạn đã lên "&TEXT(E2,"0")&" điểm, nhưng tuần này bạn vẫn chỉ chấm sáng dậy trung bình "&TEXT(Q2,"0.0")&" trên 5. Ngủ đủ mà vẫn mệt là chuyện của khí. Mình sang Hồi sinh lực nhé?",IF(T2="Vào Cổng Khỏe","Giấc ngủ của bạn đã vững: "&TEXT(E2,"0")&" điểm, "&G2&" đêm đạt ngưỡng tuần này. Cơ thể bạn đã yên. 30 ngày tới mình chỉ chấm điểm sáng, không giao việc nữa.",IF(LEFT(T2,3)="Gốc","Giấc ngủ lên "&TEXT(E2,"0")&" điểm. Nhưng "&O2&" đêm bạn ăn tối sau 20 giờ, và phần lớn đêm vỡ rơi vào những đêm đó. Mình ở lại thêm 7 ngày, chỉ dời bữa tối sớm hơn nhé.",IF(LEFT(T2,4)="Chưa","Giấc ngủ của bạn đang lên từ "&TEXT(D2,"0")&" lên "&TEXT(E2,"0")&" điểm, chưa đủ vững. Mình đi thêm 7 đêm nữa, không vội.","")))))) -> 14 đêm qua, giấc ngủ của bạn lên từ 49 lên 67 điểm. Nhưng 5 trong 6 đêm vỡ rơi đúng vào ngày bạn chấm căng từ 4, và phần lớn là căng vì Việc. Gốc rễ giờ nằm ở ban ngày, mình sang Xả áp lực nhé? | V2: =IF(B2=0,"",IF(SUMPRODUCT(MAX(('Nhật ký'!$A$2:$A$281=$A2)*('Nhật ký'!$U$2:$U$281)))>=Ngưỡng!$B$21,"Căng mức 5 liên tiếp, hỏi riêng; ","")&IF(COUNTIFS('Nhật ký'!$A$2:$A$281,$A2,'Nhật ký'!$H$2:$H$281,"Lo hồi hộp")>=Ngưỡng!$B$22,"Lo hồi hộp nhiều đêm, gợi ý người thật; ","")&IF(SUMPRODUCT(MAX(('Nhật ký'!$A$2:$A$281=$A2)*('Nhật ký'!$V$2:$V$281)))>=Ngưỡng!$B$23,"Tỉnh đêm kéo dài, gợi ý khám; ","")&IF(SUMPRODUCT(MAX(('Nhật ký'!$A$2:$A$281=$A2)*('Nhật ký'!$W$2:$W$281)))>=Ngưỡng!$B$24,"Thiếu dữ liệu nhiều ngày, hỏi một câu; ","")) | W2: =COUNTIFS('Nhật ký'!$A$2:$A$281,$A2,'Nhật ký'!$J$2:$J$281,"Việc",'Nhật ký'!$Q$2:$Q$281,1) -> 5 | X2: =COUNTIFS('Nhật ký'!$A$2:$A$281,$A2,'Nhật ký'!$J$2:$J$281,"Tiền",'Nhật ký'!$Q$2:$Q$281,1) -> 0 | Y2: =COUNTIFS('Nhật ký'!$A$2:$A$281,$A2,'Nhật ký'!$J$2:$J$281,"Người",'Nhật ký'!$Q$2:$Q$281,1) -> 1 | Z2: =COUNTIFS('Nhật ký'!$A$2:$A$281,$A2,'Nhật ký'!$J$2:$J$281,"Không rõ",'Nhật ký'!$Q$2:$Q$281,1) -> 0 | AA2: =IFERROR(AVERAGEIFS('Nhật ký'!$X$2:$X$281,'Nhật ký'!$A$2:$A$281,$A2,'Nhật ký'!$C$2:$C$281,2),"") -> 71.428571
A3: P02 | B3: =COUNTIFS('Nhật ký'!$A$2:$A$281,$A3,'Nhật ký'!$O$2:$O$281,1) -> 14 | C3: =COUNTIFS('Nhật ký'!$A$2:$A$281,$A3,'Nhật ký'!$Q$2:$Q$281,1) -> 0 | D3: =IFERROR(AVERAGEIFS('Nhật ký'!$N$2:$N$281,'Nhật ký'!$A$2:$A$281,$A3,'Nhật ký'!$C$2:$C$281,1),"") -> 44.285714 | E3: =IFERROR(AVERAGEIFS('Nhật ký'!$N$2:$N$281,'Nhật ký'!$A$2:$A$281,$A3,'Nhật ký'!$C$2:$C$281,2),"") -> 67.142857 | F3: =IF(OR(D3="",E3=""),"",E3-D3) -> 22.857143 | G3: =COUNTIFS('Nhật ký'!$A$2:$A$281,$A3,'Nhật ký'!$T$2:$T$281,1,'Nhật ký'!$C$2:$C$281,2) -> 2 | H3: =IF(F3="","",IF(AND(F3>=Ngưỡng!$B$11,G3>=Ngưỡng!$B$12),"Có","Chưa")) -> Chưa | I3: =COUNTIFS('Nhật ký'!$A$2:$A$281,$A3,'Nhật ký'!$P$2:$P$281,1) -> 5 | J3: =COUNTIFS('Nhật ký'!$A$2:$A$281,$A3,'Nhật ký'!$P$2:$P$281,1,'Nhật ký'!$Q$2:$Q$281,1) -> 0 | K3: =IFERROR(J3/C3,0) -> 0 | L3: =IFERROR(COUNTIFS('Nhật ký'!$A$2:$A$281,$A3,'Nhật ký'!$P$2:$P$281,1,'Nhật ký'!$Q$2:$Q$281,0)/COUNTIFS('Nhật ký'!$A$2:$A$281,$A3,'Nhật ký'!$Q$2:$Q$281,0),0) -> 0.35714286 | M3: =K3-L3 -> -0.35714286 | N3: =IFERROR(COUNTIFS('Nhật ký'!$A$2:$A$281,$A3,'Nhật ký'!$R$2:$R$281,1)/14,0) -> 0 | O3: =COUNTIFS('Nhật ký'!$A$2:$A$281,$A3,'Nhật ký'!$S$2:$S$281,1) -> 4 | P3: =IFERROR(COUNTIFS('Nhật ký'!$A$2:$A$281,$A3,'Nhật ký'!$P$2:$P$281,1,'Nhật ký'!$S$2:$S$281,1)/O3,0) -> 1 | Q3: =IFERROR(AVERAGEIFS('Nhật ký'!$G$2:$G$281,'Nhật ký'!$A$2:$A$281,$A3,'Nhật ký'!$C$2:$C$281,2),"") -> 2.2857143 | R3: =COUNTIFS('Nhật ký'!$A$2:$A$281,$A3,'Nhật ký'!$Q$2:$Q$281,1,'Nhật ký'!$C$2:$C$281,2) -> 0 | S3: =IF(MAX(W3:Z3)=0,"chưa rõ",INDEX(Ngưỡng!$D$3:$G$3,MATCH(MAX(W3:Z3),W3:Z3,0))) -> chưa rõ | T3: =IF(B3=0,"",IF(B3<Ngưỡng!$B$8,"Chưa đủ dữ liệu: tổng kết ngủ, thêm 7 ngày",IF(H3<>"Có",IF(AND(ISNUMBER(AA3),AA3>=Ngưỡng!$B$27,ISNUMBER(Q3),Q3<Ngưỡng!$B$19),"Mời Hồi sinh lực","Chưa bám rễ: gia hạn 7 ngày"),IF(AND(O3>=Ngưỡng!$B$26,P3>K3),"Gốc tiêu hóa: ở lại Ngủ 7 ngày, dời bữa tối",IF(AND(C3>=Ngưỡng!$B$9,M3>=Ngưỡng!$B$14,K3>=Ngưỡng!$B$15,OR(N3>=Ngưỡng!$B$16,R3>=Ngưỡng!$B$17)),"Mời Xả áp lực",IF(AND(ISNUMBER(Q3),Q3<Ngưỡng!$B$19),"Mời Hồi sinh lực","Vào Cổng Khỏe")))))) -> Mời Hồi sinh lực | U3: =IF(T3="","",IF(T3="Mời Xả áp lực","14 đêm qua, giấc ngủ của bạn lên từ "&TEXT(D3,"0")&" lên "&TEXT(E3,"0")&" điểm. Nhưng "&J3&" trong "&I3&" đêm vỡ rơi đúng vào ngày bạn chấm căng từ 4, và phần lớn là căng vì "&S3&". Gốc rễ giờ nằm ở ban ngày, mình sang Xả áp lực nhé?",IF(T3="Mời Hồi sinh lực","Giấc ngủ của bạn đã lên "&TEXT(E3,"0")&" điểm, nhưng tuần này bạn vẫn chỉ chấm sáng dậy trung bình "&TEXT(Q3,"0.0")&" trên 5. Ngủ đủ mà vẫn mệt là chuyện của khí. Mình sang Hồi sinh lực nhé?",IF(T3="Vào Cổng Khỏe","Giấc ngủ của bạn đã vững: "&TEXT(E3,"0")&" điểm, "&G3&" đêm đạt ngưỡng tuần này. Cơ thể bạn đã yên. 30 ngày tới mình chỉ chấm điểm sáng, không giao việc nữa.",IF(LEFT(T3,3)="Gốc","Giấc ngủ lên "&TEXT(E3,"0")&" điểm. Nhưng "&O3&" đêm bạn ăn tối sau 20 giờ, và phần lớn đêm vỡ rơi vào những đêm đó. Mình ở lại thêm 7 ngày, chỉ dời bữa tối sớm hơn nhé.",IF(LEFT(T3,4)="Chưa","Giấc ngủ của bạn đang lên từ "&TEXT(D3,"0")&" lên "&TEXT(E3,"0")&" điểm, chưa đủ vững. Mình đi thêm 7 đêm nữa, không vội.","")))))) -> Giấc ngủ của bạn đã lên 67 điểm, nhưng tuần này bạn vẫn chỉ chấm sáng dậy trung bình 2.3 trên 5. Ngủ đủ mà vẫn mệt là chuyện của khí. Mình sang Hồi sinh lực nhé? | V3: =IF(B3=0,"",IF(SUMPRODUCT(MAX(('Nhật ký'!$A$2:$A$281=$A3)*('Nhật ký'!$U$2:$U$281)))>=Ngưỡng!$B$21,"Căng mức 5 liên tiếp, hỏi riêng; ","")&IF(COUNTIFS('Nhật ký'!$A$2:$A$281,$A3,'Nhật ký'!$H$2:$H$281,"Lo hồi hộp")>=Ngưỡng!$B$22,"Lo hồi hộp nhiều đêm, gợi ý người thật; ","")&IF(SUMPRODUCT(MAX(('Nhật ký'!$A$2:$A$281=$A3)*('Nhật ký'!$V$2:$V$281)))>=Ngưỡng!$B$23,"Tỉnh đêm kéo dài, gợi ý khám; ","")&IF(SUMPRODUCT(MAX(('Nhật ký'!$A$2:$A$281=$A3)*('Nhật ký'!$W$2:$W$281)))>=Ngưỡng!$B$24,"Thiếu dữ liệu nhiều ngày, hỏi một câu; ","")) | W3: =COUNTIFS('Nhật ký'!$A$2:$A$281,$A3,'Nhật ký'!$J$2:$J$281,"Việc",'Nhật ký'!$Q$2:$Q$281,1) -> 0 | X3: =COUNTIFS('Nhật ký'!$A$2:$A$281,$A3,'Nhật ký'!$J$2:$J$281,"Tiền",'Nhật ký'!$Q$2:$Q$281,1) -> 0 | Y3: =COUNTIFS('Nhật ký'!$A$2:$A$281,$A3,'Nhật ký'!$J$2:$J$281,"Người",'Nhật ký'!$Q$2:$Q$281,1) -> 0 | Z3: =COUNTIFS('Nhật ký'!$A$2:$A$281,$A3,'Nhật ký'!$J$2:$J$281,"Không rõ",'Nhật ký'!$Q$2:$Q$281,1) -> 0 | AA3: =IFERROR(AVERAGEIFS('Nhật ký'!$X$2:$X$281,'Nhật ký'!$A$2:$A$281,$A3,'Nhật ký'!$C$2:$C$281,2),"") -> 90.285714
A4: P03 | B4: =COUNTIFS('Nhật ký'!$A$2:$A$281,$A4,'Nhật ký'!$O$2:$O$281,1) -> 0 | C4: =COUNTIFS('Nhật ký'!$A$2:$A$281,$A4,'Nhật ký'!$Q$2:$Q$281,1) -> 0 | D4: =IFERROR(AVERAGEIFS('Nhật ký'!$N$2:$N$281,'Nhật ký'!$A$2:$A$281,$A4,'Nhật ký'!$C$2:$C$281,1),"") | E4: =IFERROR(AVERAGEIFS('Nhật ký'!$N$2:$N$281,'Nhật ký'!$A$2:$A$281,$A4,'Nhật ký'!$C$2:$C$281,2),"") | F4: =IF(OR(D4="",E4=""),"",E4-D4) | G4: =COUNTIFS('Nhật ký'!$A$2:$A$281,$A4,'Nhật ký'!$T$2:$T$281,1,'Nhật ký'!$C$2:$C$281,2) -> 0 | H4: =IF(F4="","",IF(AND(F4>=Ngưỡng!$B$11,G4>=Ngưỡng!$B$12),"Có","Chưa")) | I4: =COUNTIFS('Nhật ký'!$A$2:$A$281,$A4,'Nhật ký'!$P$2:$P$281,1) -> 0 | J4: =COUNTIFS('Nhật ký'!$A$2:$A$281,$A4,'Nhật ký'!$P$2:$P$281,1,'Nhật ký'!$Q$2:$Q$281,1) -> 0 | K4: =IFERROR(J4/C4,0) -> 0 | L4: =IFERROR(COUNTIFS('Nhật ký'!$A$2:$A$281,$A4,'Nhật ký'!$P$2:$P$281,1,'Nhật ký'!$Q$2:$Q$281,0)/COUNTIFS('Nhật ký'!$A$2:$A$281,$A4,'Nhật ký'!$Q$2:$Q$281,0),0) -> 0 | M4: =K4-L4 -> 0 | N4: =IFERROR(COUNTIFS('Nhật ký'!$A$2:$A$281,$A4,'Nhật ký'!$R$2:$R$281,1)/14,0) -> 0 | O4: =COUNTIFS('Nhật ký'!$A$2:$A$281,$A4,'Nhật ký'!$S$2:$S$281,1) -> 0 | P4: =IFERROR(COUNTIFS('Nhật ký'!$A$2:$A$281,$A4,'Nhật ký'!$P$2:$P$281,1,'Nhật ký'!$S$2:$S$281,1)/O4,0) -> 0 | Q4: =IFERROR(AVERAGEIFS('Nhật ký'!$G$2:$G$281,'Nhật ký'!$A$2:$A$281,$A4,'Nhật ký'!$C$2:$C$281,2),"") | R4: =COUNTIFS('Nhật ký'!$A$2:$A$281,$A4,'Nhật ký'!$Q$2:$Q$281,1,'Nhật ký'!$C$2:$C$281,2) -> 0 | S4: =IF(MAX(W4:Z4)=0,"chưa rõ",INDEX(Ngưỡng!$D$3:$G$3,MATCH(MAX(W4:Z4),W4:Z4,0))) -> chưa rõ | T4: =IF(B4=0,"",IF(B4<Ngưỡng!$B$8,"Chưa đủ dữ liệu: tổng kết ngủ, thêm 7 ngày",IF(H4<>"Có",IF(AND(ISNUMBER(AA4),AA4>=Ngưỡng!$B$27,ISNUMBER(Q4),Q4<Ngưỡng!$B$19),"Mời Hồi sinh lực","Chưa bám rễ: gia hạn 7 ngày"),IF(AND(O4>=Ngưỡng!$B$26,P4>K4),"Gốc tiêu hóa: ở lại Ngủ 7 ngày, dời bữa tối",IF(AND(C4>=Ngưỡng!$B$9,M4>=Ngưỡng!$B$14,K4>=Ngưỡng!$B$15,OR(N4>=Ngưỡng!$B$16,R4>=Ngưỡng!$B$17)),"Mời Xả áp lực",IF(AND(ISNUMBER(Q4),Q4<Ngưỡng!$B$19),"Mời Hồi sinh lực","Vào Cổng Khỏe")))))) | U4: =IF(T4="","",IF(T4="Mời Xả áp lực","14 đêm qua, giấc ngủ của bạn lên từ "&TEXT(D4,"0")&" lên "&TEXT(E4,"0")&" điểm. Nhưng "&J4&" trong "&I4&" đêm vỡ rơi đúng vào ngày bạn chấm căng từ 4, và phần lớn là căng vì "&S4&". Gốc rễ giờ nằm ở ban ngày, mình sang Xả áp lực nhé?",IF(T4="Mời Hồi sinh lực","Giấc ngủ của bạn đã lên "&TEXT(E4,"0")&" điểm, nhưng tuần này bạn vẫn chỉ chấm sáng dậy trung bình "&TEXT(Q4,"0.0")&" trên 5. Ngủ đủ mà vẫn mệt là chuyện của khí. Mình sang Hồi sinh lực nhé?",IF(T4="Vào Cổng Khỏe","Giấc ngủ của bạn đã vững: "&TEXT(E4,"0")&" điểm, "&G4&" đêm đạt ngưỡng tuần này. Cơ thể bạn đã yên. 30 ngày tới mình chỉ chấm điểm sáng, không giao việc nữa.",IF(LEFT(T4,3)="Gốc","Giấc ngủ lên "&TEXT(E4,"0")&" điểm. Nhưng "&O4&" đêm bạn ăn tối sau 20 giờ, và phần lớn đêm vỡ rơi vào những đêm đó. Mình ở lại thêm 7 ngày, chỉ dời bữa tối sớm hơn nhé.",IF(LEFT(T4,4)="Chưa","Giấc ngủ của bạn đang lên từ "&TEXT(D4,"0")&" lên "&TEXT(E4,"0")&" điểm, chưa đủ vững. Mình đi thêm 7 đêm nữa, không vội.","")))))) | V4: =IF(B4=0,"",IF(SUMPRODUCT(MAX(('Nhật ký'!$A$2:$A$281=$A4)*('Nhật ký'!$U$2:$U$281)))>=Ngưỡng!$B$21,"Căng mức 5 liên tiếp, hỏi riêng; ","")&IF(COUNTIFS('Nhật ký'!$A$2:$A$281,$A4,'Nhật ký'!$H$2:$H$281,"Lo hồi hộp")>=Ngưỡng!$B$22,"Lo hồi hộp nhiều đêm, gợi ý người thật; ","")&IF(SUMPRODUCT(MAX(('Nhật ký'!$A$2:$A$281=$A4)*('Nhật ký'!$V$2:$V$281)))>=Ngưỡng!$B$23,"Tỉnh đêm kéo dài, gợi ý khám; ","")&IF(SUMPRODUCT(MAX(('Nhật ký'!$A$2:$A$281=$A4)*('Nhật ký'!$W$2:$W$281)))>=Ngưỡng!$B$24,"Thiếu dữ liệu nhiều ngày, hỏi một câu; ","")) | W4: =COUNTIFS('Nhật ký'!$A$2:$A$281,$A4,'Nhật ký'!$J$2:$J$281,"Việc",'Nhật ký'!$Q$2:$Q$281,1) -> 0 | X4: =COUNTIFS('Nhật ký'!$A$2:$A$281,$A4,'Nhật ký'!$J$2:$J$281,"Tiền",'Nhật ký'!$Q$2:$Q$281,1) -> 0 | Y4: =COUNTIFS('Nhật ký'!$A$2:$A$281,$A4,'Nhật ký'!$J$2:$J$281,"Người",'Nhật ký'!$Q$2:$Q$281,1) -> 0 | Z4: =COUNTIFS('Nhật ký'!$A$2:$A$281,$A4,'Nhật ký'!$J$2:$J$281,"Không rõ",'Nhật ký'!$Q$2:$Q$281,1) -> 0 | AA4: =IFERROR(AVERAGEIFS('Nhật ký'!$X$2:$X$281,'Nhật ký'!$A$2:$A$281,$A4,'Nhật ký'!$C$2:$C$281,2),"")
A5: P04 | B5: =COUNTIFS('Nhật ký'!$A$2:$A$281,$A5,'Nhật ký'!$O$2:$O$281,1) -> 0 | C5: =COUNTIFS('Nhật ký'!$A$2:$A$281,$A5,'Nhật ký'!$Q$2:$Q$281,1) -> 0 | D5: =IFERROR(AVERAGEIFS('Nhật ký'!$N$2:$N$281,'Nhật ký'!$A$2:$A$281,$A5,'Nhật ký'!$C$2:$C$281,1),"") | E5: =IFERROR(AVERAGEIFS('Nhật ký'!$N$2:$N$281,'Nhật ký'!$A$2:$A$281,$A5,'Nhật ký'!$C$2:$C$281,2),"") | F5: =IF(OR(D5="",E5=""),"",E5-D5) | G5: =COUNTIFS('Nhật ký'!$A$2:$A$281,$A5,'Nhật ký'!$T$2:$T$281,1,'Nhật ký'!$C$2:$C$281,2) -> 0 | H5: =IF(F5="","",IF(AND(F5>=Ngưỡng!$B$11,G5>=Ngưỡng!$B$12),"Có","Chưa")) | I5: =COUNTIFS('Nhật ký'!$A$2:$A$281,$A5,'Nhật ký'!$P$2:$P$281,1) -> 0 | J5: =COUNTIFS('Nhật ký'!$A$2:$A$281,$A5,'Nhật ký'!$P$2:$P$281,1,'Nhật ký'!$Q$2:$Q$281,1) -> 0 | K5: =IFERROR(J5/C5,0) -> 0 | L5: =IFERROR(COUNTIFS('Nhật ký'!$A$2:$A$281,$A5,'Nhật ký'!$P$2:$P$281,1,'Nhật ký'!$Q$2:$Q$281,0)/COUNTIFS('Nhật ký'!$A$2:$A$281,$A5,'Nhật ký'!$Q$2:$Q$281,0),0) -> 0 | M5: =K5-L5 -> 0 | N5: =IFERROR(COUNTIFS('Nhật ký'!$A$2:$A$281,$A5,'Nhật ký'!$R$2:$R$281,1)/14,0) -> 0 | O5: =COUNTIFS('Nhật ký'!$A$2:$A$281,$A5,'Nhật ký'!$S$2:$S$281,1) -> 0 | P5: =IFERROR(COUNTIFS('Nhật ký'!$A$2:$A$281,$A5,'Nhật ký'!$P$2:$P$281,1,'Nhật ký'!$S$2:$S$281,1)/O5,0) -> 0 | Q5: =IFERROR(AVERAGEIFS('Nhật ký'!$G$2:$G$281,'Nhật ký'!$A$2:$A$281,$A5,'Nhật ký'!$C$2:$C$281,2),"") | R5: =COUNTIFS('Nhật ký'!$A$2:$A$281,$A5,'Nhật ký'!$Q$2:$Q$281,1,'Nhật ký'!$C$2:$C$281,2) -> 0 | S5: =IF(MAX(W5:Z5)=0,"chưa rõ",INDEX(Ngưỡng!$D$3:$G$3,MATCH(MAX(W5:Z5),W5:Z5,0))) -> chưa rõ | T5: =IF(B5=0,"",IF(B5<Ngưỡng!$B$8,"Chưa đủ dữ liệu: tổng kết ngủ, thêm 7 ngày",IF(H5<>"Có",IF(AND(ISNUMBER(AA5),AA5>=Ngưỡng!$B$27,ISNUMBER(Q5),Q5<Ngưỡng!$B$19),"Mời Hồi sinh lực","Chưa bám rễ: gia hạn 7 ngày"),IF(AND(O5>=Ngưỡng!$B$26,P5>K5),"Gốc tiêu hóa: ở lại Ngủ 7 ngày, dời bữa tối",IF(AND(C5>=Ngưỡng!$B$9,M5>=Ngưỡng!$B$14,K5>=Ngưỡng!$B$15,OR(N5>=Ngưỡng!$B$16,R5>=Ngưỡng!$B$17)),"Mời Xả áp lực",IF(AND(ISNUMBER(Q5),Q5<Ngưỡng!$B$19),"Mời Hồi sinh lực","Vào Cổng Khỏe")))))) | U5: =IF(T5="","",IF(T5="Mời Xả áp lực","14 đêm qua, giấc ngủ của bạn lên từ "&TEXT(D5,"0")&" lên "&TEXT(E5,"0")&" điểm. Nhưng "&J5&" trong "&I5&" đêm vỡ rơi đúng vào ngày bạn chấm căng từ 4, và phần lớn là căng vì "&S5&". Gốc rễ giờ nằm ở ban ngày, mình sang Xả áp lực nhé?",IF(T5="Mời Hồi sinh lực","Giấc ngủ của bạn đã lên "&TEXT(E5,"0")&" điểm, nhưng tuần này bạn vẫn chỉ chấm sáng dậy trung bình "&TEXT(Q5,"0.0")&" trên 5. Ngủ đủ mà vẫn mệt là chuyện của khí. Mình sang Hồi sinh lực nhé?",IF(T5="Vào Cổng Khỏe","Giấc ngủ của bạn đã vững: "&TEXT(E5,"0")&" điểm, "&G5&" đêm đạt ngưỡng tuần này. Cơ thể bạn đã yên. 30 ngày tới mình chỉ chấm điểm sáng, không giao việc nữa.",IF(LEFT(T5,3)="Gốc","Giấc ngủ lên "&TEXT(E5,"0")&" điểm. Nhưng "&O5&" đêm bạn ăn tối sau 20 giờ, và phần lớn đêm vỡ rơi vào những đêm đó. Mình ở lại thêm 7 ngày, chỉ dời bữa tối sớm hơn nhé.",IF(LEFT(T5,4)="Chưa","Giấc ngủ của bạn đang lên từ "&TEXT(D5,"0")&" lên "&TEXT(E5,"0")&" điểm, chưa đủ vững. Mình đi thêm 7 đêm nữa, không vội.","")))))) | V5: =IF(B5=0,"",IF(SUMPRODUCT(MAX(('Nhật ký'!$A$2:$A$281=$A5)*('Nhật ký'!$U$2:$U$281)))>=Ngưỡng!$B$21,"Căng mức 5 liên tiếp, hỏi riêng; ","")&IF(COUNTIFS('Nhật ký'!$A$2:$A$281,$A5,'Nhật ký'!$H$2:$H$281,"Lo hồi hộp")>=Ngưỡng!$B$22,"Lo hồi hộp nhiều đêm, gợi ý người thật; ","")&IF(SUMPRODUCT(MAX(('Nhật ký'!$A$2:$A$281=$A5)*('Nhật ký'!$V$2:$V$281)))>=Ngưỡng!$B$23,"Tỉnh đêm kéo dài, gợi ý khám; ","")&IF(SUMPRODUCT(MAX(('Nhật ký'!$A$2:$A$281=$A5)*('Nhật ký'!$W$2:$W$281)))>=Ngưỡng!$B$24,"Thiếu dữ liệu nhiều ngày, hỏi một câu; ","")) | W5: =COUNTIFS('Nhật ký'!$A$2:$A$281,$A5,'Nhật ký'!$J$2:$J$281,"Việc",'Nhật ký'!$Q$2:$Q$281,1) -> 0 | X5: =COUNTIFS('Nhật ký'!$A$2:$A$281,$A5,'Nhật ký'!$J$2:$J$281,"Tiền",'Nhật ký'!$Q$2:$Q$281,1) -> 0 | Y5: =COUNTIFS('Nhật ký'!$A$2:$A$281,$A5,'Nhật ký'!$J$2:$J$281,"Người",'Nhật ký'!$Q$2:$Q$281,1) -> 0 | Z5: =COUNTIFS('Nhật ký'!$A$2:$A$281,$A5,'Nhật ký'!$J$2:$J$281,"Không rõ",'Nhật ký'!$Q$2:$Q$281,1) -> 0 | AA5: =IFERROR(AVERAGEIFS('Nhật ký'!$X$2:$X$281,'Nhật ký'!$A$2:$A$281,$A5,'Nhật ký'!$C$2:$C$281,2),"")
A6: P05 | B6: =COUNTIFS('Nhật ký'!$A$2:$A$281,$A6,'Nhật ký'!$O$2:$O$281,1) -> 0 | C6: =COUNTIFS('Nhật ký'!$A$2:$A$281,$A6,'Nhật ký'!$Q$2:$Q$281,1) -> 0 | D6: =IFERROR(AVERAGEIFS('Nhật ký'!$N$2:$N$281,'Nhật ký'!$A$2:$A$281,$A6,'Nhật ký'!$C$2:$C$281,1),"") | E6: =IFERROR(AVERAGEIFS('Nhật ký'!$N$2:$N$281,'Nhật ký'!$A$2:$A$281,$A6,'Nhật ký'!$C$2:$C$281,2),"") | F6: =IF(OR(D6="",E6=""),"",E6-D6) | G6: =COUNTIFS('Nhật ký'!$A$2:$A$281,$A6,'Nhật ký'!$T$2:$T$281,1,'Nhật ký'!$C$2:$C$281,2) -> 0 | H6: =IF(F6="","",IF(AND(F6>=Ngưỡng!$B$11,G6>=Ngưỡng!$B$12),"Có","Chưa")) | I6: =COUNTIFS('Nhật ký'!$A$2:$A$281,$A6,'Nhật ký'!$P$2:$P$281,1) -> 0 | J6: =COUNTIFS('Nhật ký'!$A$2:$A$281,$A6,'Nhật ký'!$P$2:$P$281,1,'Nhật ký'!$Q$2:$Q$281,1) -> 0 | K6: =IFERROR(J6/C6,0) -> 0 | L6: =IFERROR(COUNTIFS('Nhật ký'!$A$2:$A$281,$A6,'Nhật ký'!$P$2:$P$281,1,'Nhật ký'!$Q$2:$Q$281,0)/COUNTIFS('Nhật ký'!$A$2:$A$281,$A6,'Nhật ký'!$Q$2:$Q$281,0),0) -> 0 | M6: =K6-L6 -> 0 | N6: =IFERROR(COUNTIFS('Nhật ký'!$A$2:$A$281,$A6,'Nhật ký'!$R$2:$R$281,1)/14,0) -> 0 | O6: =COUNTIFS('Nhật ký'!$A$2:$A$281,$A6,'Nhật ký'!$S$2:$S$281,1) -> 0 | P6: =IFERROR(COUNTIFS('Nhật ký'!$A$2:$A$281,$A6,'Nhật ký'!$P$2:$P$281,1,'Nhật ký'!$S$2:$S$281,1)/O6,0) -> 0 | Q6: =IFERROR(AVERAGEIFS('Nhật ký'!$G$2:$G$281,'Nhật ký'!$A$2:$A$281,$A6,'Nhật ký'!$C$2:$C$281,2),"") | R6: =COUNTIFS('Nhật ký'!$A$2:$A$281,$A6,'Nhật ký'!$Q$2:$Q$281,1,'Nhật ký'!$C$2:$C$281,2) -> 0 | S6: =IF(MAX(W6:Z6)=0,"chưa rõ",INDEX(Ngưỡng!$D$3:$G$3,MATCH(MAX(W6:Z6),W6:Z6,0))) -> chưa rõ | T6: =IF(B6=0,"",IF(B6<Ngưỡng!$B$8,"Chưa đủ dữ liệu: tổng kết ngủ, thêm 7 ngày",IF(H6<>"Có",IF(AND(ISNUMBER(AA6),AA6>=Ngưỡng!$B$27,ISNUMBER(Q6),Q6<Ngưỡng!$B$19),"Mời Hồi sinh lực","Chưa bám rễ: gia hạn 7 ngày"),IF(AND(O6>=Ngưỡng!$B$26,P6>K6),"Gốc tiêu hóa: ở lại Ngủ 7 ngày, dời bữa tối",IF(AND(C6>=Ngưỡng!$B$9,M6>=Ngưỡng!$B$14,K6>=Ngưỡng!$B$15,OR(N6>=Ngưỡng!$B$16,R6>=Ngưỡng!$B$17)),"Mời Xả áp lực",IF(AND(ISNUMBER(Q6),Q6<Ngưỡng!$B$19),"Mời Hồi sinh lực","Vào Cổng Khỏe")))))) | U6: =IF(T6="","",IF(T6="Mời Xả áp lực","14 đêm qua, giấc ngủ của bạn lên từ "&TEXT(D6,"0")&" lên "&TEXT(E6,"0")&" điểm. Nhưng "&J6&" trong "&I6&" đêm vỡ rơi đúng vào ngày bạn chấm căng từ 4, và phần lớn là căng vì "&S6&". Gốc rễ giờ nằm ở ban ngày, mình sang Xả áp lực nhé?",IF(T6="Mời Hồi sinh lực","Giấc ngủ của bạn đã lên "&TEXT(E6,"0")&" điểm, nhưng tuần này bạn vẫn chỉ chấm sáng dậy trung bình "&TEXT(Q6,"0.0")&" trên 5. Ngủ đủ mà vẫn mệt là chuyện của khí. Mình sang Hồi sinh lực nhé?",IF(T6="Vào Cổng Khỏe","Giấc ngủ của bạn đã vững: "&TEXT(E6,"0")&" điểm, "&G6&" đêm đạt ngưỡng tuần này. Cơ thể bạn đã yên. 30 ngày tới mình chỉ chấm điểm sáng, không giao việc nữa.",IF(LEFT(T6,3)="Gốc","Giấc ngủ lên "&TEXT(E6,"0")&" điểm. Nhưng "&O6&" đêm bạn ăn tối sau 20 giờ, và phần lớn đêm vỡ rơi vào những đêm đó. Mình ở lại thêm 7 ngày, chỉ dời bữa tối sớm hơn nhé.",IF(LEFT(T6,4)="Chưa","Giấc ngủ của bạn đang lên từ "&TEXT(D6,"0")&" lên "&TEXT(E6,"0")&" điểm, chưa đủ vững. Mình đi thêm 7 đêm nữa, không vội.","")))))) | V6: =IF(B6=0,"",IF(SUMPRODUCT(MAX(('Nhật ký'!$A$2:$A$281=$A6)*('Nhật ký'!$U$2:$U$281)))>=Ngưỡng!$B$21,"Căng mức 5 liên tiếp, hỏi riêng; ","")&IF(COUNTIFS('Nhật ký'!$A$2:$A$281,$A6,'Nhật ký'!$H$2:$H$281,"Lo hồi hộp")>=Ngưỡng!$B$22,"Lo hồi hộp nhiều đêm, gợi ý người thật; ","")&IF(SUMPRODUCT(MAX(('Nhật ký'!$A$2:$A$281=$A6)*('Nhật ký'!$V$2:$V$281)))>=Ngưỡng!$B$23,"Tỉnh đêm kéo dài, gợi ý khám; ","")&IF(SUMPRODUCT(MAX(('Nhật ký'!$A$2:$A$281=$A6)*('Nhật ký'!$W$2:$W$281)))>=Ngưỡng!$B$24,"Thiếu dữ liệu nhiều ngày, hỏi một câu; ","")) | W6: =COUNTIFS('Nhật ký'!$A$2:$A$281,$A6,'Nhật ký'!$J$2:$J$281,"Việc",'Nhật ký'!$Q$2:$Q$281,1) -> 0 | X6: =COUNTIFS('Nhật ký'!$A$2:$A$281,$A6,'Nhật ký'!$J$2:$J$281,"Tiền",'Nhật ký'!$Q$2:$Q$281,1) -> 0 | Y6: =COUNTIFS('Nhật ký'!$A$2:$A$281,$A6,'Nhật ký'!$J$2:$J$281,"Người",'Nhật ký'!$Q$2:$Q$281,1) -> 0 | Z6: =COUNTIFS('Nhật ký'!$A$2:$A$281,$A6,'Nhật ký'!$J$2:$J$281,"Không rõ",'Nhật ký'!$Q$2:$Q$281,1) -> 0 | AA6: =IFERROR(AVERAGEIFS('Nhật ký'!$X$2:$X$281,'Nhật ký'!$A$2:$A$281,$A6,'Nhật ký'!$C$2:$C$281,2),"")
A7: P06 | B7: =COUNTIFS('Nhật ký'!$A$2:$A$281,$A7,'Nhật ký'!$O$2:$O$281,1) -> 0 | C7: =COUNTIFS('Nhật ký'!$A$2:$A$281,$A7,'Nhật ký'!$Q$2:$Q$281,1) -> 0 | D7: =IFERROR(AVERAGEIFS('Nhật ký'!$N$2:$N$281,'Nhật ký'!$A$2:$A$281,$A7,'Nhật ký'!$C$2:$C$281,1),"") | E7: =IFERROR(AVERAGEIFS('Nhật ký'!$N$2:$N$281,'Nhật ký'!$A$2:$A$281,$A7,'Nhật ký'!$C$2:$C$281,2),"") | F7: =IF(OR(D7="",E7=""),"",E7-D7) | G7: =COUNTIFS('Nhật ký'!$A$2:$A$281,$A7,'Nhật ký'!$T$2:$T$281,1,'Nhật ký'!$C$2:$C$281,2) -> 0 | H7: =IF(F7="","",IF(AND(F7>=Ngưỡng!$B$11,G7>=Ngưỡng!$B$12),"Có","Chưa")) | I7: =COUNTIFS('Nhật ký'!$A$2:$A$281,$A7,'Nhật ký'!$P$2:$P$281,1) -> 0 | J7: =COUNTIFS('Nhật ký'!$A$2:$A$281,$A7,'Nhật ký'!$P$2:$P$281,1,'Nhật ký'!$Q$2:$Q$281,1) -> 0 | K7: =IFERROR(J7/C7,0) -> 0 | L7: =IFERROR(COUNTIFS('Nhật ký'!$A$2:$A$281,$A7,'Nhật ký'!$P$2:$P$281,1,'Nhật ký'!$Q$2:$Q$281,0)/COUNTIFS('Nhật ký'!$A$2:$A$281,$A7,'Nhật ký'!$Q$2:$Q$281,0),0) -> 0 | M7: =K7-L7 -> 0 | N7: =IFERROR(COUNTIFS('Nhật ký'!$A$2:$A$281,$A7,'Nhật ký'!$R$2:$R$281,1)/14,0) -> 0 | O7: =COUNTIFS('Nhật ký'!$A$2:$A$281,$A7,'Nhật ký'!$S$2:$S$281,1) -> 0 | P7: =IFERROR(COUNTIFS('Nhật ký'!$A$2:$A$281,$A7,'Nhật ký'!$P$2:$P$281,1,'Nhật ký'!$S$2:$S$281,1)/O7,0) -> 0 | Q7: =IFERROR(AVERAGEIFS('Nhật ký'!$G$2:$G$281,'Nhật ký'!$A$2:$A$281,$A7,'Nhật ký'!$C$2:$C$281,2),"") | R7: =COUNTIFS('Nhật ký'!$A$2:$A$281,$A7,'Nhật ký'!$Q$2:$Q$281,1,'Nhật ký'!$C$2:$C$281,2) -> 0 | S7: =IF(MAX(W7:Z7)=0,"chưa rõ",INDEX(Ngưỡng!$D$3:$G$3,MATCH(MAX(W7:Z7),W7:Z7,0))) -> chưa rõ | T7: =IF(B7=0,"",IF(B7<Ngưỡng!$B$8,"Chưa đủ dữ liệu: tổng kết ngủ, thêm 7 ngày",IF(H7<>"Có",IF(AND(ISNUMBER(AA7),AA7>=Ngưỡng!$B$27,ISNUMBER(Q7),Q7<Ngưỡng!$B$19),"Mời Hồi sinh lực","Chưa bám rễ: gia hạn 7 ngày"),IF(AND(O7>=Ngưỡng!$B$26,P7>K7),"Gốc tiêu hóa: ở lại Ngủ 7 ngày, dời bữa tối",IF(AND(C7>=Ngưỡng!$B$9,M7>=Ngưỡng!$B$14,K7>=Ngưỡng!$B$15,OR(N7>=Ngưỡng!$B$16,R7>=Ngưỡng!$B$17)),"Mời Xả áp lực",IF(AND(ISNUMBER(Q7),Q7<Ngưỡng!$B$19),"Mời Hồi sinh lực","Vào Cổng Khỏe")))))) | U7: =IF(T7="","",IF(T7="Mời Xả áp lực","14 đêm qua, giấc ngủ của bạn lên từ "&TEXT(D7,"0")&" lên "&TEXT(E7,"0")&" điểm. Nhưng "&J7&" trong "&I7&" đêm vỡ rơi đúng vào ngày bạn chấm căng từ 4, và phần lớn là căng vì "&S7&". Gốc rễ giờ nằm ở ban ngày, mình sang Xả áp lực nhé?",IF(T7="Mời Hồi sinh lực","Giấc ngủ của bạn đã lên "&TEXT(E7,"0")&" điểm, nhưng tuần này bạn vẫn chỉ chấm sáng dậy trung bình "&TEXT(Q7,"0.0")&" trên 5. Ngủ đủ mà vẫn mệt là chuyện của khí. Mình sang Hồi sinh lực nhé?",IF(T7="Vào Cổng Khỏe","Giấc ngủ của bạn đã vững: "&TEXT(E7,"0")&" điểm, "&G7&" đêm đạt ngưỡng tuần này. Cơ thể bạn đã yên. 30 ngày tới mình chỉ chấm điểm sáng, không giao việc nữa.",IF(LEFT(T7,3)="Gốc","Giấc ngủ lên "&TEXT(E7,"0")&" điểm. Nhưng "&O7&" đêm bạn ăn tối sau 20 giờ, và phần lớn đêm vỡ rơi vào những đêm đó. Mình ở lại thêm 7 ngày, chỉ dời bữa tối sớm hơn nhé.",IF(LEFT(T7,4)="Chưa","Giấc ngủ của bạn đang lên từ "&TEXT(D7,"0")&" lên "&TEXT(E7,"0")&" điểm, chưa đủ vững. Mình đi thêm 7 đêm nữa, không vội.","")))))) | V7: =IF(B7=0,"",IF(SUMPRODUCT(MAX(('Nhật ký'!$A$2:$A$281=$A7)*('Nhật ký'!$U$2:$U$281)))>=Ngưỡng!$B$21,"Căng mức 5 liên tiếp, hỏi riêng; ","")&IF(COUNTIFS('Nhật ký'!$A$2:$A$281,$A7,'Nhật ký'!$H$2:$H$281,"Lo hồi hộp")>=Ngưỡng!$B$22,"Lo hồi hộp nhiều đêm, gợi ý người thật; ","")&IF(SUMPRODUCT(MAX(('Nhật ký'!$A$2:$A$281=$A7)*('Nhật ký'!$V$2:$V$281)))>=Ngưỡng!$B$23,"Tỉnh đêm kéo dài, gợi ý khám; ","")&IF(SUMPRODUCT(MAX(('Nhật ký'!$A$2:$A$281=$A7)*('Nhật ký'!$W$2:$W$281)))>=Ngưỡng!$B$24,"Thiếu dữ liệu nhiều ngày, hỏi một câu; ","")) | W7: =COUNTIFS('Nhật ký'!$A$2:$A$281,$A7,'Nhật ký'!$J$2:$J$281,"Việc",'Nhật ký'!$Q$2:$Q$281,1) -> 0 | X7: =COUNTIFS('Nhật ký'!$A$2:$A$281,$A7,'Nhật ký'!$J$2:$J$281,"Tiền",'Nhật ký'!$Q$2:$Q$281,1) -> 0 | Y7: =COUNTIFS('Nhật ký'!$A$2:$A$281,$A7,'Nhật ký'!$J$2:$J$281,"Người",'Nhật ký'!$Q$2:$Q$281,1) -> 0 | Z7: =COUNTIFS('Nhật ký'!$A$2:$A$281,$A7,'Nhật ký'!$J$2:$J$281,"Không rõ",'Nhật ký'!$Q$2:$Q$281,1) -> 0 | AA7: =IFERROR(AVERAGEIFS('Nhật ký'!$X$2:$X$281,'Nhật ký'!$A$2:$A$281,$A7,'Nhật ký'!$C$2:$C$281,2),"")
A8: P07 | B8: =COUNTIFS('Nhật ký'!$A$2:$A$281,$A8,'Nhật ký'!$O$2:$O$281,1) -> 0 | C8: =COUNTIFS('Nhật ký'!$A$2:$A$281,$A8,'Nhật ký'!$Q$2:$Q$281,1) -> 0 | D8: =IFERROR(AVERAGEIFS('Nhật ký'!$N$2:$N$281,'Nhật ký'!$A$2:$A$281,$A8,'Nhật ký'!$C$2:$C$281,1),"") | E8: =IFERROR(AVERAGEIFS('Nhật ký'!$N$2:$N$281,'Nhật ký'!$A$2:$A$281,$A8,'Nhật ký'!$C$2:$C$281,2),"") | F8: =IF(OR(D8="",E8=""),"",E8-D8) | G8: =COUNTIFS('Nhật ký'!$A$2:$A$281,$A8,'Nhật ký'!$T$2:$T$281,1,'Nhật ký'!$C$2:$C$281,2) -> 0 | H8: =IF(F8="","",IF(AND(F8>=Ngưỡng!$B$11,G8>=Ngưỡng!$B$12),"Có","Chưa")) | I8: =COUNTIFS('Nhật ký'!$A$2:$A$281,$A8,'Nhật ký'!$P$2:$P$281,1) -> 0 | J8: =COUNTIFS('Nhật ký'!$A$2:$A$281,$A8,'Nhật ký'!$P$2:$P$281,1,'Nhật ký'!$Q$2:$Q$281,1) -> 0 | K8: =IFERROR(J8/C8,0) -> 0 | L8: =IFERROR(COUNTIFS('Nhật ký'!$A$2:$A$281,$A8,'Nhật ký'!$P$2:$P$281,1,'Nhật ký'!$Q$2:$Q$281,0)/COUNTIFS('Nhật ký'!$A$2:$A$281,$A8,'Nhật ký'!$Q$2:$Q$281,0),0) -> 0 | M8: =K8-L8 -> 0 | N8: =IFERROR(COUNTIFS('Nhật ký'!$A$2:$A$281,$A8,'Nhật ký'!$R$2:$R$281,1)/14,0) -> 0 | O8: =COUNTIFS('Nhật ký'!$A$2:$A$281,$A8,'Nhật ký'!$S$2:$S$281,1) -> 0 | P8: =IFERROR(COUNTIFS('Nhật ký'!$A$2:$A$281,$A8,'Nhật ký'!$P$2:$P$281,1,'Nhật ký'!$S$2:$S$281,1)/O8,0) -> 0 | Q8: =IFERROR(AVERAGEIFS('Nhật ký'!$G$2:$G$281,'Nhật ký'!$A$2:$A$281,$A8,'Nhật ký'!$C$2:$C$281,2),"") | R8: =COUNTIFS('Nhật ký'!$A$2:$A$281,$A8,'Nhật ký'!$Q$2:$Q$281,1,'Nhật ký'!$C$2:$C$281,2) -> 0 | S8: =IF(MAX(W8:Z8)=0,"chưa rõ",INDEX(Ngưỡng!$D$3:$G$3,MATCH(MAX(W8:Z8),W8:Z8,0))) -> chưa rõ | T8: =IF(B8=0,"",IF(B8<Ngưỡng!$B$8,"Chưa đủ dữ liệu: tổng kết ngủ, thêm 7 ngày",IF(H8<>"Có",IF(AND(ISNUMBER(AA8),AA8>=Ngưỡng!$B$27,ISNUMBER(Q8),Q8<Ngưỡng!$B$19),"Mời Hồi sinh lực","Chưa bám rễ: gia hạn 7 ngày"),IF(AND(O8>=Ngưỡng!$B$26,P8>K8),"Gốc tiêu hóa: ở lại Ngủ 7 ngày, dời bữa tối",IF(AND(C8>=Ngưỡng!$B$9,M8>=Ngưỡng!$B$14,K8>=Ngưỡng!$B$15,OR(N8>=Ngưỡng!$B$16,R8>=Ngưỡng!$B$17)),"Mời Xả áp lực",IF(AND(ISNUMBER(Q8),Q8<Ngưỡng!$B$19),"Mời Hồi sinh lực","Vào Cổng Khỏe")))))) | U8: =IF(T8="","",IF(T8="Mời Xả áp lực","14 đêm qua, giấc ngủ của bạn lên từ "&TEXT(D8,"0")&" lên "&TEXT(E8,"0")&" điểm. Nhưng "&J8&" trong "&I8&" đêm vỡ rơi đúng vào ngày bạn chấm căng từ 4, và phần lớn là căng vì "&S8&". Gốc rễ giờ nằm ở ban ngày, mình sang Xả áp lực nhé?",IF(T8="Mời Hồi sinh lực","Giấc ngủ của bạn đã lên "&TEXT(E8,"0")&" điểm, nhưng tuần này bạn vẫn chỉ chấm sáng dậy trung bình "&TEXT(Q8,"0.0")&" trên 5. Ngủ đủ mà vẫn mệt là chuyện của khí. Mình sang Hồi sinh lực nhé?",IF(T8="Vào Cổng Khỏe","Giấc ngủ của bạn đã vững: "&TEXT(E8,"0")&" điểm, "&G8&" đêm đạt ngưỡng tuần này. Cơ thể bạn đã yên. 30 ngày tới mình chỉ chấm điểm sáng, không giao việc nữa.",IF(LEFT(T8,3)="Gốc","Giấc ngủ lên "&TEXT(E8,"0")&" điểm. Nhưng "&O8&" đêm bạn ăn tối sau 20 giờ, và phần lớn đêm vỡ rơi vào những đêm đó. Mình ở lại thêm 7 ngày, chỉ dời bữa tối sớm hơn nhé.",IF(LEFT(T8,4)="Chưa","Giấc ngủ của bạn đang lên từ "&TEXT(D8,"0")&" lên "&TEXT(E8,"0")&" điểm, chưa đủ vững. Mình đi thêm 7 đêm nữa, không vội.","")))))) | V8: =IF(B8=0,"",IF(SUMPRODUCT(MAX(('Nhật ký'!$A$2:$A$281=$A8)*('Nhật ký'!$U$2:$U$281)))>=Ngưỡng!$B$21,"Căng mức 5 liên tiếp, hỏi riêng; ","")&IF(COUNTIFS('Nhật ký'!$A$2:$A$281,$A8,'Nhật ký'!$H$2:$H$281,"Lo hồi hộp")>=Ngưỡng!$B$22,"Lo hồi hộp nhiều đêm, gợi ý người thật; ","")&IF(SUMPRODUCT(MAX(('Nhật ký'!$A$2:$A$281=$A8)*('Nhật ký'!$V$2:$V$281)))>=Ngưỡng!$B$23,"Tỉnh đêm kéo dài, gợi ý khám; ","")&IF(SUMPRODUCT(MAX(('Nhật ký'!$A$2:$A$281=$A8)*('Nhật ký'!$W$2:$W$281)))>=Ngưỡng!$B$24,"Thiếu dữ liệu nhiều ngày, hỏi một câu; ","")) | W8: =COUNTIFS('Nhật ký'!$A$2:$A$281,$A8,'Nhật ký'!$J$2:$J$281,"Việc",'Nhật ký'!$Q$2:$Q$281,1) -> 0 | X8: =COUNTIFS('Nhật ký'!$A$2:$A$281,$A8,'Nhật ký'!$J$2:$J$281,"Tiền",'Nhật ký'!$Q$2:$Q$281,1) -> 0 | Y8: =COUNTIFS('Nhật ký'!$A$2:$A$281,$A8,'Nhật ký'!$J$2:$J$281,"Người",'Nhật ký'!$Q$2:$Q$281,1) -> 0 | Z8: =COUNTIFS('Nhật ký'!$A$2:$A$281,$A8,'Nhật ký'!$J$2:$J$281,"Không rõ",'Nhật ký'!$Q$2:$Q$281,1) -> 0 | AA8: =IFERROR(AVERAGEIFS('Nhật ký'!$X$2:$X$281,'Nhật ký'!$A$2:$A$281,$A8,'Nhật ký'!$C$2:$C$281,2),"")
A9: P08 | B9: =COUNTIFS('Nhật ký'!$A$2:$A$281,$A9,'Nhật ký'!$O$2:$O$281,1) -> 0 | C9: =COUNTIFS('Nhật ký'!$A$2:$A$281,$A9,'Nhật ký'!$Q$2:$Q$281,1) -> 0 | D9: =IFERROR(AVERAGEIFS('Nhật ký'!$N$2:$N$281,'Nhật ký'!$A$2:$A$281,$A9,'Nhật ký'!$C$2:$C$281,1),"") | E9: =IFERROR(AVERAGEIFS('Nhật ký'!$N$2:$N$281,'Nhật ký'!$A$2:$A$281,$A9,'Nhật ký'!$C$2:$C$281,2),"") | F9: =IF(OR(D9="",E9=""),"",E9-D9) | G9: =COUNTIFS('Nhật ký'!$A$2:$A$281,$A9,'Nhật ký'!$T$2:$T$281,1,'Nhật ký'!$C$2:$C$281,2) -> 0 | H9: =IF(F9="","",IF(AND(F9>=Ngưỡng!$B$11,G9>=Ngưỡng!$B$12),"Có","Chưa")) | I9: =COUNTIFS('Nhật ký'!$A$2:$A$281,$A9,'Nhật ký'!$P$2:$P$281,1) -> 0 | J9: =COUNTIFS('Nhật ký'!$A$2:$A$281,$A9,'Nhật ký'!$P$2:$P$281,1,'Nhật ký'!$Q$2:$Q$281,1) -> 0 | K9: =IFERROR(J9/C9,0) -> 0 | L9: =IFERROR(COUNTIFS('Nhật ký'!$A$2:$A$281,$A9,'Nhật ký'!$P$2:$P$281,1,'Nhật ký'!$Q$2:$Q$281,0)/COUNTIFS('Nhật ký'!$A$2:$A$281,$A9,'Nhật ký'!$Q$2:$Q$281,0),0) -> 0 | M9: =K9-L9 -> 0 | N9: =IFERROR(COUNTIFS('Nhật ký'!$A$2:$A$281,$A9,'Nhật ký'!$R$2:$R$281,1)/14,0) -> 0 | O9: =COUNTIFS('Nhật ký'!$A$2:$A$281,$A9,'Nhật ký'!$S$2:$S$281,1) -> 0 | P9: =IFERROR(COUNTIFS('Nhật ký'!$A$2:$A$281,$A9,'Nhật ký'!$P$2:$P$281,1,'Nhật ký'!$S$2:$S$281,1)/O9,0) -> 0 | Q9: =IFERROR(AVERAGEIFS('Nhật ký'!$G$2:$G$281,'Nhật ký'!$A$2:$A$281,$A9,'Nhật ký'!$C$2:$C$281,2),"") | R9: =COUNTIFS('Nhật ký'!$A$2:$A$281,$A9,'Nhật ký'!$Q$2:$Q$281,1,'Nhật ký'!$C$2:$C$281,2) -> 0 | S9: =IF(MAX(W9:Z9)=0,"chưa rõ",INDEX(Ngưỡng!$D$3:$G$3,MATCH(MAX(W9:Z9),W9:Z9,0))) -> chưa rõ | T9: =IF(B9=0,"",IF(B9<Ngưỡng!$B$8,"Chưa đủ dữ liệu: tổng kết ngủ, thêm 7 ngày",IF(H9<>"Có",IF(AND(ISNUMBER(AA9),AA9>=Ngưỡng!$B$27,ISNUMBER(Q9),Q9<Ngưỡng!$B$19),"Mời Hồi sinh lực","Chưa bám rễ: gia hạn 7 ngày"),IF(AND(O9>=Ngưỡng!$B$26,P9>K9),"Gốc tiêu hóa: ở lại Ngủ 7 ngày, dời bữa tối",IF(AND(C9>=Ngưỡng!$B$9,M9>=Ngưỡng!$B$14,K9>=Ngưỡng!$B$15,OR(N9>=Ngưỡng!$B$16,R9>=Ngưỡng!$B$17)),"Mời Xả áp lực",IF(AND(ISNUMBER(Q9),Q9<Ngưỡng!$B$19),"Mời Hồi sinh lực","Vào Cổng Khỏe")))))) | U9: =IF(T9="","",IF(T9="Mời Xả áp lực","14 đêm qua, giấc ngủ của bạn lên từ "&TEXT(D9,"0")&" lên "&TEXT(E9,"0")&" điểm. Nhưng "&J9&" trong "&I9&" đêm vỡ rơi đúng vào ngày bạn chấm căng từ 4, và phần lớn là căng vì "&S9&". Gốc rễ giờ nằm ở ban ngày, mình sang Xả áp lực nhé?",IF(T9="Mời Hồi sinh lực","Giấc ngủ của bạn đã lên "&TEXT(E9,"0")&" điểm, nhưng tuần này bạn vẫn chỉ chấm sáng dậy trung bình "&TEXT(Q9,"0.0")&" trên 5. Ngủ đủ mà vẫn mệt là chuyện của khí. Mình sang Hồi sinh lực nhé?",IF(T9="Vào Cổng Khỏe","Giấc ngủ của bạn đã vững: "&TEXT(E9,"0")&" điểm, "&G9&" đêm đạt ngưỡng tuần này. Cơ thể bạn đã yên. 30 ngày tới mình chỉ chấm điểm sáng, không giao việc nữa.",IF(LEFT(T9,3)="Gốc","Giấc ngủ lên "&TEXT(E9,"0")&" điểm. Nhưng "&O9&" đêm bạn ăn tối sau 20 giờ, và phần lớn đêm vỡ rơi vào những đêm đó. Mình ở lại thêm 7 ngày, chỉ dời bữa tối sớm hơn nhé.",IF(LEFT(T9,4)="Chưa","Giấc ngủ của bạn đang lên từ "&TEXT(D9,"0")&" lên "&TEXT(E9,"0")&" điểm, chưa đủ vững. Mình đi thêm 7 đêm nữa, không vội.","")))))) | V9: =IF(B9=0,"",IF(SUMPRODUCT(MAX(('Nhật ký'!$A$2:$A$281=$A9)*('Nhật ký'!$U$2:$U$281)))>=Ngưỡng!$B$21,"Căng mức 5 liên tiếp, hỏi riêng; ","")&IF(COUNTIFS('Nhật ký'!$A$2:$A$281,$A9,'Nhật ký'!$H$2:$H$281,"Lo hồi hộp")>=Ngưỡng!$B$22,"Lo hồi hộp nhiều đêm, gợi ý người thật; ","")&IF(SUMPRODUCT(MAX(('Nhật ký'!$A$2:$A$281=$A9)*('Nhật ký'!$V$2:$V$281)))>=Ngưỡng!$B$23,"Tỉnh đêm kéo dài, gợi ý khám; ","")&IF(SUMPRODUCT(MAX(('Nhật ký'!$A$2:$A$281=$A9)*('Nhật ký'!$W$2:$W$281)))>=Ngưỡng!$B$24,"Thiếu dữ liệu nhiều ngày, hỏi một câu; ","")) | W9: =COUNTIFS('Nhật ký'!$A$2:$A$281,$A9,'Nhật ký'!$J$2:$J$281,"Việc",'Nhật ký'!$Q$2:$Q$281,1) -> 0 | X9: =COUNTIFS('Nhật ký'!$A$2:$A$281,$A9,'Nhật ký'!$J$2:$J$281,"Tiền",'Nhật ký'!$Q$2:$Q$281,1) -> 0 | Y9: =COUNTIFS('Nhật ký'!$A$2:$A$281,$A9,'Nhật ký'!$J$2:$J$281,"Người",'Nhật ký'!$Q$2:$Q$281,1) -> 0 | Z9: =COUNTIFS('Nhật ký'!$A$2:$A$281,$A9,'Nhật ký'!$J$2:$J$281,"Không rõ",'Nhật ký'!$Q$2:$Q$281,1) -> 0 | AA9: =IFERROR(AVERAGEIFS('Nhật ký'!$X$2:$X$281,'Nhật ký'!$A$2:$A$281,$A9,'Nhật ký'!$C$2:$C$281,2),"")
A10: P09 | B10: =COUNTIFS('Nhật ký'!$A$2:$A$281,$A10,'Nhật ký'!$O$2:$O$281,1) -> 0 | C10: =COUNTIFS('Nhật ký'!$A$2:$A$281,$A10,'Nhật ký'!$Q$2:$Q$281,1) -> 0 | D10: =IFERROR(AVERAGEIFS('Nhật ký'!$N$2:$N$281,'Nhật ký'!$A$2:$A$281,$A10,'Nhật ký'!$C$2:$C$281,1),"") | E10: =IFERROR(AVERAGEIFS('Nhật ký'!$N$2:$N$281,'Nhật ký'!$A$2:$A$281,$A10,'Nhật ký'!$C$2:$C$281,2),"") | F10: =IF(OR(D10="",E10=""),"",E10-D10) | G10: =COUNTIFS('Nhật ký'!$A$2:$A$281,$A10,'Nhật ký'!$T$2:$T$281,1,'Nhật ký'!$C$2:$C$281,2) -> 0 | H10: =IF(F10="","",IF(AND(F10>=Ngưỡng!$B$11,G10>=Ngưỡng!$B$12),"Có","Chưa")) | I10: =COUNTIFS('Nhật ký'!$A$2:$A$281,$A10,'Nhật ký'!$P$2:$P$281,1) -> 0 | J10: =COUNTIFS('Nhật ký'!$A$2:$A$281,$A10,'Nhật ký'!$P$2:$P$281,1,'Nhật ký'!$Q$2:$Q$281,1) -> 0 | K10: =IFERROR(J10/C10,0) -> 0 | L10: =IFERROR(COUNTIFS('Nhật ký'!$A$2:$A$281,$A10,'Nhật ký'!$P$2:$P$281,1,'Nhật ký'!$Q$2:$Q$281,0)/COUNTIFS('Nhật ký'!$A$2:$A$281,$A10,'Nhật ký'!$Q$2:$Q$281,0),0) -> 0 | M10: =K10-L10 -> 0 | N10: =IFERROR(COUNTIFS('Nhật ký'!$A$2:$A$281,$A10,'Nhật ký'!$R$2:$R$281,1)/14,0) -> 0 | O10: =COUNTIFS('Nhật ký'!$A$2:$A$281,$A10,'Nhật ký'!$S$2:$S$281,1) -> 0 | P10: =IFERROR(COUNTIFS('Nhật ký'!$A$2:$A$281,$A10,'Nhật ký'!$P$2:$P$281,1,'Nhật ký'!$S$2:$S$281,1)/O10,0) -> 0 | Q10: =IFERROR(AVERAGEIFS('Nhật ký'!$G$2:$G$281,'Nhật ký'!$A$2:$A$281,$A10,'Nhật ký'!$C$2:$C$281,2),"") | R10: =COUNTIFS('Nhật ký'!$A$2:$A$281,$A10,'Nhật ký'!$Q$2:$Q$281,1,'Nhật ký'!$C$2:$C$281,2) -> 0 | S10: =IF(MAX(W10:Z10)=0,"chưa rõ",INDEX(Ngưỡng!$D$3:$G$3,MATCH(MAX(W10:Z10),W10:Z10,0))) -> chưa rõ | T10: =IF(B10=0,"",IF(B10<Ngưỡng!$B$8,"Chưa đủ dữ liệu: tổng kết ngủ, thêm 7 ngày",IF(H10<>"Có",IF(AND(ISNUMBER(AA10),AA10>=Ngưỡng!$B$27,ISNUMBER(Q10),Q10<Ngưỡng!$B$19),"Mời Hồi sinh lực","Chưa bám rễ: gia hạn 7 ngày"),IF(AND(O10>=Ngưỡng!$B$26,P10>K10),"Gốc tiêu hóa: ở lại Ngủ 7 ngày, dời bữa tối",IF(AND(C10>=Ngưỡng!$B$9,M10>=Ngưỡng!$B$14,K10>=Ngưỡng!$B$15,OR(N10>=Ngưỡng!$B$16,R10>=Ngưỡng!$B$17)),"Mời Xả áp lực",IF(AND(ISNUMBER(Q10),Q10<Ngưỡng!$B$19),"Mời Hồi sinh lực","Vào Cổng Khỏe")))))) | U10: =IF(T10="","",IF(T10="Mời Xả áp lực","14 đêm qua, giấc ngủ của bạn lên từ "&TEXT(D10,"0")&" lên "&TEXT(E10,"0")&" điểm. Nhưng "&J10&" trong "&I10&" đêm vỡ rơi đúng vào ngày bạn chấm căng từ 4, và phần lớn là căng vì "&S10&". Gốc rễ giờ nằm ở ban ngày, mình sang Xả áp lực nhé?",IF(T10="Mời Hồi sinh lực","Giấc ngủ của bạn đã lên "&TEXT(E10,"0")&" điểm, nhưng tuần này bạn vẫn chỉ chấm sáng dậy trung bình "&TEXT(Q10,"0.0")&" trên 5. Ngủ đủ mà vẫn mệt là chuyện của khí. Mình sang Hồi sinh lực nhé?",IF(T10="Vào Cổng Khỏe","Giấc ngủ của bạn đã vững: "&TEXT(E10,"0")&" điểm, "&G10&" đêm đạt ngưỡng tuần này. Cơ thể bạn đã yên. 30 ngày tới mình chỉ chấm điểm sáng, không giao việc nữa.",IF(LEFT(T10,3)="Gốc","Giấc ngủ lên "&TEXT(E10,"0")&" điểm. Nhưng "&O10&" đêm bạn ăn tối sau 20 giờ, và phần lớn đêm vỡ rơi vào những đêm đó. Mình ở lại thêm 7 ngày, chỉ dời bữa tối sớm hơn nhé.",IF(LEFT(T10,4)="Chưa","Giấc ngủ của bạn đang lên từ "&TEXT(D10,"0")&" lên "&TEXT(E10,"0")&" điểm, chưa đủ vững. Mình đi thêm 7 đêm nữa, không vội.","")))))) | V10: =IF(B10=0,"",IF(SUMPRODUCT(MAX(('Nhật ký'!$A$2:$A$281=$A10)*('Nhật ký'!$U$2:$U$281)))>=Ngưỡng!$B$21,"Căng mức 5 liên tiếp, hỏi riêng; ","")&IF(COUNTIFS('Nhật ký'!$A$2:$A$281,$A10,'Nhật ký'!$H$2:$H$281,"Lo hồi hộp")>=Ngưỡng!$B$22,"Lo hồi hộp nhiều đêm, gợi ý người thật; ","")&IF(SUMPRODUCT(MAX(('Nhật ký'!$A$2:$A$281=$A10)*('Nhật ký'!$V$2:$V$281)))>=Ngưỡng!$B$23,"Tỉnh đêm kéo dài, gợi ý khám; ","")&IF(SUMPRODUCT(MAX(('Nhật ký'!$A$2:$A$281=$A10)*('Nhật ký'!$W$2:$W$281)))>=Ngưỡng!$B$24,"Thiếu dữ liệu nhiều ngày, hỏi một câu; ","")) | W10: =COUNTIFS('Nhật ký'!$A$2:$A$281,$A10,'Nhật ký'!$J$2:$J$281,"Việc",'Nhật ký'!$Q$2:$Q$281,1) -> 0 | X10: =COUNTIFS('Nhật ký'!$A$2:$A$281,$A10,'Nhật ký'!$J$2:$J$281,"Tiền",'Nhật ký'!$Q$2:$Q$281,1) -> 0 | Y10: =COUNTIFS('Nhật ký'!$A$2:$A$281,$A10,'Nhật ký'!$J$2:$J$281,"Người",'Nhật ký'!$Q$2:$Q$281,1) -> 0 | Z10: =COUNTIFS('Nhật ký'!$A$2:$A$281,$A10,'Nhật ký'!$J$2:$J$281,"Không rõ",'Nhật ký'!$Q$2:$Q$281,1) -> 0 | AA10: =IFERROR(AVERAGEIFS('Nhật ký'!$X$2:$X$281,'Nhật ký'!$A$2:$A$281,$A10,'Nhật ký'!$C$2:$C$281,2),"")
A11: P10 | B11: =COUNTIFS('Nhật ký'!$A$2:$A$281,$A11,'Nhật ký'!$O$2:$O$281,1) -> 0 | C11: =COUNTIFS('Nhật ký'!$A$2:$A$281,$A11,'Nhật ký'!$Q$2:$Q$281,1) -> 0 | D11: =IFERROR(AVERAGEIFS('Nhật ký'!$N$2:$N$281,'Nhật ký'!$A$2:$A$281,$A11,'Nhật ký'!$C$2:$C$281,1),"") | E11: =IFERROR(AVERAGEIFS('Nhật ký'!$N$2:$N$281,'Nhật ký'!$A$2:$A$281,$A11,'Nhật ký'!$C$2:$C$281,2),"") | F11: =IF(OR(D11="",E11=""),"",E11-D11) | G11: =COUNTIFS('Nhật ký'!$A$2:$A$281,$A11,'Nhật ký'!$T$2:$T$281,1,'Nhật ký'!$C$2:$C$281,2) -> 0 | H11: =IF(F11="","",IF(AND(F11>=Ngưỡng!$B$11,G11>=Ngưỡng!$B$12),"Có","Chưa")) | I11: =COUNTIFS('Nhật ký'!$A$2:$A$281,$A11,'Nhật ký'!$P$2:$P$281,1) -> 0 | J11: =COUNTIFS('Nhật ký'!$A$2:$A$281,$A11,'Nhật ký'!$P$2:$P$281,1,'Nhật ký'!$Q$2:$Q$281,1) -> 0 | K11: =IFERROR(J11/C11,0) -> 0 | L11: =IFERROR(COUNTIFS('Nhật ký'!$A$2:$A$281,$A11,'Nhật ký'!$P$2:$P$281,1,'Nhật ký'!$Q$2:$Q$281,0)/COUNTIFS('Nhật ký'!$A$2:$A$281,$A11,'Nhật ký'!$Q$2:$Q$281,0),0) -> 0 | M11: =K11-L11 -> 0 | N11: =IFERROR(COUNTIFS('Nhật ký'!$A$2:$A$281,$A11,'Nhật ký'!$R$2:$R$281,1)/14,0) -> 0 | O11: =COUNTIFS('Nhật ký'!$A$2:$A$281,$A11,'Nhật ký'!$S$2:$S$281,1) -> 0 | P11: =IFERROR(COUNTIFS('Nhật ký'!$A$2:$A$281,$A11,'Nhật ký'!$P$2:$P$281,1,'Nhật ký'!$S$2:$S$281,1)/O11,0) -> 0 | Q11: =IFERROR(AVERAGEIFS('Nhật ký'!$G$2:$G$281,'Nhật ký'!$A$2:$A$281,$A11,'Nhật ký'!$C$2:$C$281,2),"") | R11: =COUNTIFS('Nhật ký'!$A$2:$A$281,$A11,'Nhật ký'!$Q$2:$Q$281,1,'Nhật ký'!$C$2:$C$281,2) -> 0 | S11: =IF(MAX(W11:Z11)=0,"chưa rõ",INDEX(Ngưỡng!$D$3:$G$3,MATCH(MAX(W11:Z11),W11:Z11,0))) -> chưa rõ | T11: =IF(B11=0,"",IF(B11<Ngưỡng!$B$8,"Chưa đủ dữ liệu: tổng kết ngủ, thêm 7 ngày",IF(H11<>"Có",IF(AND(ISNUMBER(AA11),AA11>=Ngưỡng!$B$27,ISNUMBER(Q11),Q11<Ngưỡng!$B$19),"Mời Hồi sinh lực","Chưa bám rễ: gia hạn 7 ngày"),IF(AND(O11>=Ngưỡng!$B$26,P11>K11),"Gốc tiêu hóa: ở lại Ngủ 7 ngày, dời bữa tối",IF(AND(C11>=Ngưỡng!$B$9,M11>=Ngưỡng!$B$14,K11>=Ngưỡng!$B$15,OR(N11>=Ngưỡng!$B$16,R11>=Ngưỡng!$B$17)),"Mời Xả áp lực",IF(AND(ISNUMBER(Q11),Q11<Ngưỡng!$B$19),"Mời Hồi sinh lực","Vào Cổng Khỏe")))))) | U11: =IF(T11="","",IF(T11="Mời Xả áp lực","14 đêm qua, giấc ngủ của bạn lên từ "&TEXT(D11,"0")&" lên "&TEXT(E11,"0")&" điểm. Nhưng "&J11&" trong "&I11&" đêm vỡ rơi đúng vào ngày bạn chấm căng từ 4, và phần lớn là căng vì "&S11&". Gốc rễ giờ nằm ở ban ngày, mình sang Xả áp lực nhé?",IF(T11="Mời Hồi sinh lực","Giấc ngủ của bạn đã lên "&TEXT(E11,"0")&" điểm, nhưng tuần này bạn vẫn chỉ chấm sáng dậy trung bình "&TEXT(Q11,"0.0")&" trên 5. Ngủ đủ mà vẫn mệt là chuyện của khí. Mình sang Hồi sinh lực nhé?",IF(T11="Vào Cổng Khỏe","Giấc ngủ của bạn đã vững: "&TEXT(E11,"0")&" điểm, "&G11&" đêm đạt ngưỡng tuần này. Cơ thể bạn đã yên. 30 ngày tới mình chỉ chấm điểm sáng, không giao việc nữa.",IF(LEFT(T11,3)="Gốc","Giấc ngủ lên "&TEXT(E11,"0")&" điểm. Nhưng "&O11&" đêm bạn ăn tối sau 20 giờ, và phần lớn đêm vỡ rơi vào những đêm đó. Mình ở lại thêm 7 ngày, chỉ dời bữa tối sớm hơn nhé.",IF(LEFT(T11,4)="Chưa","Giấc ngủ của bạn đang lên từ "&TEXT(D11,"0")&" lên "&TEXT(E11,"0")&" điểm, chưa đủ vững. Mình đi thêm 7 đêm nữa, không vội.","")))))) | V11: =IF(B11=0,"",IF(SUMPRODUCT(MAX(('Nhật ký'!$A$2:$A$281=$A11)*('Nhật ký'!$U$2:$U$281)))>=Ngưỡng!$B$21,"Căng mức 5 liên tiếp, hỏi riêng; ","")&IF(COUNTIFS('Nhật ký'!$A$2:$A$281,$A11,'Nhật ký'!$H$2:$H$281,"Lo hồi hộp")>=Ngưỡng!$B$22,"Lo hồi hộp nhiều đêm, gợi ý người thật; ","")&IF(SUMPRODUCT(MAX(('Nhật ký'!$A$2:$A$281=$A11)*('Nhật ký'!$V$2:$V$281)))>=Ngưỡng!$B$23,"Tỉnh đêm kéo dài, gợi ý khám; ","")&IF(SUMPRODUCT(MAX(('Nhật ký'!$A$2:$A$281=$A11)*('Nhật ký'!$W$2:$W$281)))>=Ngưỡng!$B$24,"Thiếu dữ liệu nhiều ngày, hỏi một câu; ","")) | W11: =COUNTIFS('Nhật ký'!$A$2:$A$281,$A11,'Nhật ký'!$J$2:$J$281,"Việc",'Nhật ký'!$Q$2:$Q$281,1) -> 0 | X11: =COUNTIFS('Nhật ký'!$A$2:$A$281,$A11,'Nhật ký'!$J$2:$J$281,"Tiền",'Nhật ký'!$Q$2:$Q$281,1) -> 0 | Y11: =COUNTIFS('Nhật ký'!$A$2:$A$281,$A11,'Nhật ký'!$J$2:$J$281,"Người",'Nhật ký'!$Q$2:$Q$281,1) -> 0 | Z11: =COUNTIFS('Nhật ký'!$A$2:$A$281,$A11,'Nhật ký'!$J$2:$J$281,"Không rõ",'Nhật ký'!$Q$2:$Q$281,1) -> 0 | AA11: =IFERROR(AVERAGEIFS('Nhật ký'!$X$2:$X$281,'Nhật ký'!$A$2:$A$281,$A11,'Nhật ký'!$C$2:$C$281,2),"")
A12: P11 | B12: =COUNTIFS('Nhật ký'!$A$2:$A$281,$A12,'Nhật ký'!$O$2:$O$281,1) -> 0 | C12: =COUNTIFS('Nhật ký'!$A$2:$A$281,$A12,'Nhật ký'!$Q$2:$Q$281,1) -> 0 | D12: =IFERROR(AVERAGEIFS('Nhật ký'!$N$2:$N$281,'Nhật ký'!$A$2:$A$281,$A12,'Nhật ký'!$C$2:$C$281,1),"") | E12: =IFERROR(AVERAGEIFS('Nhật ký'!$N$2:$N$281,'Nhật ký'!$A$2:$A$281,$A12,'Nhật ký'!$C$2:$C$281,2),"") | F12: =IF(OR(D12="",E12=""),"",E12-D12) | G12: =COUNTIFS('Nhật ký'!$A$2:$A$281,$A12,'Nhật ký'!$T$2:$T$281,1,'Nhật ký'!$C$2:$C$281,2) -> 0 | H12: =IF(F12="","",IF(AND(F12>=Ngưỡng!$B$11,G12>=Ngưỡng!$B$12),"Có","Chưa")) | I12: =COUNTIFS('Nhật ký'!$A$2:$A$281,$A12,'Nhật ký'!$P$2:$P$281,1) -> 0 | J12: =COUNTIFS('Nhật ký'!$A$2:$A$281,$A12,'Nhật ký'!$P$2:$P$281,1,'Nhật ký'!$Q$2:$Q$281,1) -> 0 | K12: =IFERROR(J12/C12,0) -> 0 | L12: =IFERROR(COUNTIFS('Nhật ký'!$A$2:$A$281,$A12,'Nhật ký'!$P$2:$P$281,1,'Nhật ký'!$Q$2:$Q$281,0)/COUNTIFS('Nhật ký'!$A$2:$A$281,$A12,'Nhật ký'!$Q$2:$Q$281,0),0) -> 0 | M12: =K12-L12 -> 0 | N12: =IFERROR(COUNTIFS('Nhật ký'!$A$2:$A$281,$A12,'Nhật ký'!$R$2:$R$281,1)/14,0) -> 0 | O12: =COUNTIFS('Nhật ký'!$A$2:$A$281,$A12,'Nhật ký'!$S$2:$S$281,1) -> 0 | P12: =IFERROR(COUNTIFS('Nhật ký'!$A$2:$A$281,$A12,'Nhật ký'!$P$2:$P$281,1,'Nhật ký'!$S$2:$S$281,1)/O12,0) -> 0 | Q12: =IFERROR(AVERAGEIFS('Nhật ký'!$G$2:$G$281,'Nhật ký'!$A$2:$A$281,$A12,'Nhật ký'!$C$2:$C$281,2),"") | R12: =COUNTIFS('Nhật ký'!$A$2:$A$281,$A12,'Nhật ký'!$Q$2:$Q$281,1,'Nhật ký'!$C$2:$C$281,2) -> 0 | S12: =IF(MAX(W12:Z12)=0,"chưa rõ",INDEX(Ngưỡng!$D$3:$G$3,MATCH(MAX(W12:Z12),W12:Z12,0))) -> chưa rõ | T12: =IF(B12=0,"",IF(B12<Ngưỡng!$B$8,"Chưa đủ dữ liệu: tổng kết ngủ, thêm 7 ngày",IF(H12<>"Có",IF(AND(ISNUMBER(AA12),AA12>=Ngưỡng!$B$27,ISNUMBER(Q12),Q12<Ngưỡng!$B$19),"Mời Hồi sinh lực","Chưa bám rễ: gia hạn 7 ngày"),IF(AND(O12>=Ngưỡng!$B$26,P12>K12),"Gốc tiêu hóa: ở lại Ngủ 7 ngày, dời bữa tối",IF(AND(C12>=Ngưỡng!$B$9,M12>=Ngưỡng!$B$14,K12>=Ngưỡng!$B$15,OR(N12>=Ngưỡng!$B$16,R12>=Ngưỡng!$B$17)),"Mời Xả áp lực",IF(AND(ISNUMBER(Q12),Q12<Ngưỡng!$B$19),"Mời Hồi sinh lực","Vào Cổng Khỏe")))))) | U12: =IF(T12="","",IF(T12="Mời Xả áp lực","14 đêm qua, giấc ngủ của bạn lên từ "&TEXT(D12,"0")&" lên "&TEXT(E12,"0")&" điểm. Nhưng "&J12&" trong "&I12&" đêm vỡ rơi đúng vào ngày bạn chấm căng từ 4, và phần lớn là căng vì "&S12&". Gốc rễ giờ nằm ở ban ngày, mình sang Xả áp lực nhé?",IF(T12="Mời Hồi sinh lực","Giấc ngủ của bạn đã lên "&TEXT(E12,"0")&" điểm, nhưng tuần này bạn vẫn chỉ chấm sáng dậy trung bình "&TEXT(Q12,"0.0")&" trên 5. Ngủ đủ mà vẫn mệt là chuyện của khí. Mình sang Hồi sinh lực nhé?",IF(T12="Vào Cổng Khỏe","Giấc ngủ của bạn đã vững: "&TEXT(E12,"0")&" điểm, "&G12&" đêm đạt ngưỡng tuần này. Cơ thể bạn đã yên. 30 ngày tới mình chỉ chấm điểm sáng, không giao việc nữa.",IF(LEFT(T12,3)="Gốc","Giấc ngủ lên "&TEXT(E12,"0")&" điểm. Nhưng "&O12&" đêm bạn ăn tối sau 20 giờ, và phần lớn đêm vỡ rơi vào những đêm đó. Mình ở lại thêm 7 ngày, chỉ dời bữa tối sớm hơn nhé.",IF(LEFT(T12,4)="Chưa","Giấc ngủ của bạn đang lên từ "&TEXT(D12,"0")&" lên "&TEXT(E12,"0")&" điểm, chưa đủ vững. Mình đi thêm 7 đêm nữa, không vội.","")))))) | V12: =IF(B12=0,"",IF(SUMPRODUCT(MAX(('Nhật ký'!$A$2:$A$281=$A12)*('Nhật ký'!$U$2:$U$281)))>=Ngưỡng!$B$21,"Căng mức 5 liên tiếp, hỏi riêng; ","")&IF(COUNTIFS('Nhật ký'!$A$2:$A$281,$A12,'Nhật ký'!$H$2:$H$281,"Lo hồi hộp")>=Ngưỡng!$B$22,"Lo hồi hộp nhiều đêm, gợi ý người thật; ","")&IF(SUMPRODUCT(MAX(('Nhật ký'!$A$2:$A$281=$A12)*('Nhật ký'!$V$2:$V$281)))>=Ngưỡng!$B$23,"Tỉnh đêm kéo dài, gợi ý khám; ","")&IF(SUMPRODUCT(MAX(('Nhật ký'!$A$2:$A$281=$A12)*('Nhật ký'!$W$2:$W$281)))>=Ngưỡng!$B$24,"Thiếu dữ liệu nhiều ngày, hỏi một câu; ","")) | W12: =COUNTIFS('Nhật ký'!$A$2:$A$281,$A12,'Nhật ký'!$J$2:$J$281,"Việc",'Nhật ký'!$Q$2:$Q$281,1) -> 0 | X12: =COUNTIFS('Nhật ký'!$A$2:$A$281,$A12,'Nhật ký'!$J$2:$J$281,"Tiền",'Nhật ký'!$Q$2:$Q$281,1) -> 0 | Y12: =COUNTIFS('Nhật ký'!$A$2:$A$281,$A12,'Nhật ký'!$J$2:$J$281,"Người",'Nhật ký'!$Q$2:$Q$281,1) -> 0 | Z12: =COUNTIFS('Nhật ký'!$A$2:$A$281,$A12,'Nhật ký'!$J$2:$J$281,"Không rõ",'Nhật ký'!$Q$2:$Q$281,1) -> 0 | AA12: =IFERROR(AVERAGEIFS('Nhật ký'!$X$2:$X$281,'Nhật ký'!$A$2:$A$281,$A12,'Nhật ký'!$C$2:$C$281,2),"")
A13: P12 | B13: =COUNTIFS('Nhật ký'!$A$2:$A$281,$A13,'Nhật ký'!$O$2:$O$281,1) -> 0 | C13: =COUNTIFS('Nhật ký'!$A$2:$A$281,$A13,'Nhật ký'!$Q$2:$Q$281,1) -> 0 | D13: =IFERROR(AVERAGEIFS('Nhật ký'!$N$2:$N$281,'Nhật ký'!$A$2:$A$281,$A13,'Nhật ký'!$C$2:$C$281,1),"") | E13: =IFERROR(AVERAGEIFS('Nhật ký'!$N$2:$N$281,'Nhật ký'!$A$2:$A$281,$A13,'Nhật ký'!$C$2:$C$281,2),"") | F13: =IF(OR(D13="",E13=""),"",E13-D13) | G13: =COUNTIFS('Nhật ký'!$A$2:$A$281,$A13,'Nhật ký'!$T$2:$T$281,1,'Nhật ký'!$C$2:$C$281,2) -> 0 | H13: =IF(F13="","",IF(AND(F13>=Ngưỡng!$B$11,G13>=Ngưỡng!$B$12),"Có","Chưa")) | I13: =COUNTIFS('Nhật ký'!$A$2:$A$281,$A13,'Nhật ký'!$P$2:$P$281,1) -> 0 | J13: =COUNTIFS('Nhật ký'!$A$2:$A$281,$A13,'Nhật ký'!$P$2:$P$281,1,'Nhật ký'!$Q$2:$Q$281,1) -> 0 | K13: =IFERROR(J13/C13,0) -> 0 | L13: =IFERROR(COUNTIFS('Nhật ký'!$A$2:$A$281,$A13,'Nhật ký'!$P$2:$P$281,1,'Nhật ký'!$Q$2:$Q$281,0)/COUNTIFS('Nhật ký'!$A$2:$A$281,$A13,'Nhật ký'!$Q$2:$Q$281,0),0) -> 0 | M13: =K13-L13 -> 0 | N13: =IFERROR(COUNTIFS('Nhật ký'!$A$2:$A$281,$A13,'Nhật ký'!$R$2:$R$281,1)/14,0) -> 0 | O13: =COUNTIFS('Nhật ký'!$A$2:$A$281,$A13,'Nhật ký'!$S$2:$S$281,1) -> 0 | P13: =IFERROR(COUNTIFS('Nhật ký'!$A$2:$A$281,$A13,'Nhật ký'!$P$2:$P$281,1,'Nhật ký'!$S$2:$S$281,1)/O13,0) -> 0 | Q13: =IFERROR(AVERAGEIFS('Nhật ký'!$G$2:$G$281,'Nhật ký'!$A$2:$A$281,$A13,'Nhật ký'!$C$2:$C$281,2),"") | R13: =COUNTIFS('Nhật ký'!$A$2:$A$281,$A13,'Nhật ký'!$Q$2:$Q$281,1,'Nhật ký'!$C$2:$C$281,2) -> 0 | S13: =IF(MAX(W13:Z13)=0,"chưa rõ",INDEX(Ngưỡng!$D$3:$G$3,MATCH(MAX(W13:Z13),W13:Z13,0))) -> chưa rõ | T13: =IF(B13=0,"",IF(B13<Ngưỡng!$B$8,"Chưa đủ dữ liệu: tổng kết ngủ, thêm 7 ngày",IF(H13<>"Có",IF(AND(ISNUMBER(AA13),AA13>=Ngưỡng!$B$27,ISNUMBER(Q13),Q13<Ngưỡng!$B$19),"Mời Hồi sinh lực","Chưa bám rễ: gia hạn 7 ngày"),IF(AND(O13>=Ngưỡng!$B$26,P13>K13),"Gốc tiêu hóa: ở lại Ngủ 7 ngày, dời bữa tối",IF(AND(C13>=Ngưỡng!$B$9,M13>=Ngưỡng!$B$14,K13>=Ngưỡng!$B$15,OR(N13>=Ngưỡng!$B$16,R13>=Ngưỡng!$B$17)),"Mời Xả áp lực",IF(AND(ISNUMBER(Q13),Q13<Ngưỡng!$B$19),"Mời Hồi sinh lực","Vào Cổng Khỏe")))))) | U13: =IF(T13="","",IF(T13="Mời Xả áp lực","14 đêm qua, giấc ngủ của bạn lên từ "&TEXT(D13,"0")&" lên "&TEXT(E13,"0")&" điểm. Nhưng "&J13&" trong "&I13&" đêm vỡ rơi đúng vào ngày bạn chấm căng từ 4, và phần lớn là căng vì "&S13&". Gốc rễ giờ nằm ở ban ngày, mình sang Xả áp lực nhé?",IF(T13="Mời Hồi sinh lực","Giấc ngủ của bạn đã lên "&TEXT(E13,"0")&" điểm, nhưng tuần này bạn vẫn chỉ chấm sáng dậy trung bình "&TEXT(Q13,"0.0")&" trên 5. Ngủ đủ mà vẫn mệt là chuyện của khí. Mình sang Hồi sinh lực nhé?",IF(T13="Vào Cổng Khỏe","Giấc ngủ của bạn đã vững: "&TEXT(E13,"0")&" điểm, "&G13&" đêm đạt ngưỡng tuần này. Cơ thể bạn đã yên. 30 ngày tới mình chỉ chấm điểm sáng, không giao việc nữa.",IF(LEFT(T13,3)="Gốc","Giấc ngủ lên "&TEXT(E13,"0")&" điểm. Nhưng "&O13&" đêm bạn ăn tối sau 20 giờ, và phần lớn đêm vỡ rơi vào những đêm đó. Mình ở lại thêm 7 ngày, chỉ dời bữa tối sớm hơn nhé.",IF(LEFT(T13,4)="Chưa","Giấc ngủ của bạn đang lên từ "&TEXT(D13,"0")&" lên "&TEXT(E13,"0")&" điểm, chưa đủ vững. Mình đi thêm 7 đêm nữa, không vội.","")))))) | V13: =IF(B13=0,"",IF(SUMPRODUCT(MAX(('Nhật ký'!$A$2:$A$281=$A13)*('Nhật ký'!$U$2:$U$281)))>=Ngưỡng!$B$21,"Căng mức 5 liên tiếp, hỏi riêng; ","")&IF(COUNTIFS('Nhật ký'!$A$2:$A$281,$A13,'Nhật ký'!$H$2:$H$281,"Lo hồi hộp")>=Ngưỡng!$B$22,"Lo hồi hộp nhiều đêm, gợi ý người thật; ","")&IF(SUMPRODUCT(MAX(('Nhật ký'!$A$2:$A$281=$A13)*('Nhật ký'!$V$2:$V$281)))>=Ngưỡng!$B$23,"Tỉnh đêm kéo dài, gợi ý khám; ","")&IF(SUMPRODUCT(MAX(('Nhật ký'!$A$2:$A$281=$A13)*('Nhật ký'!$W$2:$W$281)))>=Ngưỡng!$B$24,"Thiếu dữ liệu nhiều ngày, hỏi một câu; ","")) | W13: =COUNTIFS('Nhật ký'!$A$2:$A$281,$A13,'Nhật ký'!$J$2:$J$281,"Việc",'Nhật ký'!$Q$2:$Q$281,1) -> 0 | X13: =COUNTIFS('Nhật ký'!$A$2:$A$281,$A13,'Nhật ký'!$J$2:$J$281,"Tiền",'Nhật ký'!$Q$2:$Q$281,1) -> 0 | Y13: =COUNTIFS('Nhật ký'!$A$2:$A$281,$A13,'Nhật ký'!$J$2:$J$281,"Người",'Nhật ký'!$Q$2:$Q$281,1) -> 0 | Z13: =COUNTIFS('Nhật ký'!$A$2:$A$281,$A13,'Nhật ký'!$J$2:$J$281,"Không rõ",'Nhật ký'!$Q$2:$Q$281,1) -> 0 | AA13: =IFERROR(AVERAGEIFS('Nhật ký'!$X$2:$X$281,'Nhật ký'!$A$2:$A$281,$A13,'Nhật ký'!$C$2:$C$281,2),"")
... A21: P20 | B21: =COUNTIFS('Nhật ký'!$A$2:$A$281,$A21,'Nhật ký'!$O$2:$O$281,1) -> 0 | C21: =COUNTIFS('Nhật ký'!$A$2:$A$281,$A21,'Nhật ký'!$Q$2:$Q$281,1) -> 0 | D21: =IFERROR(AVERAGEIFS('Nhật ký'!$N$2:$N$281,'Nhật ký'!$A$2:$A$281,$A21,'Nhật ký'!$C$2:$C$281,1),"") | E21: =IFERROR(AVERAGEIFS('Nhật ký'!$N$2:$N$281,'Nhật ký'!$A$2:$A$281,$A21,'Nhật ký'!$C$2:$C$281,2),"") | F21: =IF(OR(D21="",E21=""),"",E21-D21) | G21: =COUNTIFS('Nhật ký'!$A$2:$A$281,$A21,'Nhật ký'!$T$2:$T$281,1,'Nhật ký'!$C$2:$C$281,2) -> 0 | H21: =IF(F21="","",IF(AND(F21>=Ngưỡng!$B$11,G21>=Ngưỡng!$B$12),"Có","Chưa")) | I21: =COUNTIFS('Nhật ký'!$A$2:$A$281,$A21,'Nhật ký'!$P$2:$P$281,1) -> 0 | J21: =COUNTIFS('Nhật ký'!$A$2:$A$281,$A21,'Nhật ký'!$P$2:$P$281,1,'Nhật ký'!$Q$2:$Q$281,1) -> 0 | K21: =IFERROR(J21/C21,0) -> 0 | L21: =IFERROR(COUNTIFS('Nhật ký'!$A$2:$A$281,$A21,'Nhật ký'!$P$2:$P$281,1,'Nhật ký'!$Q$2:$Q$281,0)/COUNTIFS('Nhật ký'!$A$2:$A$281,$A21,'Nhật ký'!$Q$2:$Q$281,0),0) -> 0 | M21: =K21-L21 -> 0 | N21: =IFERROR(COUNTIFS('Nhật ký'!$A$2:$A$281,$A21,'Nhật ký'!$R$2:$R$281,1)/14,0) -> 0 | O21: =COUNTIFS('Nhật ký'!$A$2:$A$281,$A21,'Nhật ký'!$S$2:$S$281,1) -> 0 | P21: =IFERROR(COUNTIFS('Nhật ký'!$A$2:$A$281,$A21,'Nhật ký'!$P$2:$P$281,1,'Nhật ký'!$S$2:$S$281,1)/O21,0) -> 0 | Q21: =IFERROR(AVERAGEIFS('Nhật ký'!$G$2:$G$281,'Nhật ký'!$A$2:$A$281,$A21,'Nhật ký'!$C$2:$C$281,2),"") | R21: =COUNTIFS('Nhật ký'!$A$2:$A$281,$A21,'Nhật ký'!$Q$2:$Q$281,1,'Nhật ký'!$C$2:$C$281,2) -> 0 | S21: =IF(MAX(W21:Z21)=0,"chưa rõ",INDEX(Ngưỡng!$D$3:$G$3,MATCH(MAX(W21:Z21),W21:Z21,0))) -> chưa rõ | T21: =IF(B21=0,"",IF(B21<Ngưỡng!$B$8,"Chưa đủ dữ liệu: tổng kết ngủ, thêm 7 ngày",IF(H21<>"Có",IF(AND(ISNUMBER(AA21),AA21>=Ngưỡng!$B$27,ISNUMBER(Q21),Q21<Ngưỡng!$B$19),"Mời Hồi sinh lực","Chưa bám rễ: gia hạn 7 ngày"),IF(AND(O21>=Ngưỡng!$B$26,P21>K21),"Gốc tiêu hóa: ở lại Ngủ 7 ngày, dời bữa tối",IF(AND(C21>=Ngưỡng!$B$9,M21>=Ngưỡng!$B$14,K21>=Ngưỡng!$B$15,OR(N21>=Ngưỡng!$B$16,R21>=Ngưỡng!$B$17)),"Mời Xả áp lực",IF(AND(ISNUMBER(Q21),Q21<Ngưỡng!$B$19),"Mời Hồi sinh lực","Vào Cổng Khỏe")))))) | U21: =IF(T21="","",IF(T21="Mời Xả áp lực","14 đêm qua, giấc ngủ của bạn lên từ "&TEXT(D21,"0")&" lên "&TEXT(E21,"0")&" điểm. Nhưng "&J21&" trong "&I21&" đêm vỡ rơi đúng vào ngày bạn chấm căng từ 4, và phần lớn là căng vì "&S21&". Gốc rễ giờ nằm ở ban ngày, mình sang Xả áp lực nhé?",IF(T21="Mời Hồi sinh lực","Giấc ngủ của bạn đã lên "&TEXT(E21,"0")&" điểm, nhưng tuần này bạn vẫn chỉ chấm sáng dậy trung bình "&TEXT(Q21,"0.0")&" trên 5. Ngủ đủ mà vẫn mệt là chuyện của khí. Mình sang Hồi sinh lực nhé?",IF(T21="Vào Cổng Khỏe","Giấc ngủ của bạn đã vững: "&TEXT(E21,"0")&" điểm, "&G21&" đêm đạt ngưỡng tuần này. Cơ thể bạn đã yên. 30 ngày tới mình chỉ chấm điểm sáng, không giao việc nữa.",IF(LEFT(T21,3)="Gốc","Giấc ngủ lên "&TEXT(E21,"0")&" điểm. Nhưng "&O21&" đêm bạn ăn tối sau 20 giờ, và phần lớn đêm vỡ rơi vào những đêm đó. Mình ở lại thêm 7 ngày, chỉ dời bữa tối sớm hơn nhé.",IF(LEFT(T21,4)="Chưa","Giấc ngủ của bạn đang lên từ "&TEXT(D21,"0")&" lên "&TEXT(E21,"0")&" điểm, chưa đủ vững. Mình đi thêm 7 đêm nữa, không vội.","")))))) | V21: =IF(B21=0,"",IF(SUMPRODUCT(MAX(('Nhật ký'!$A$2:$A$281=$A21)*('Nhật ký'!$U$2:$U$281)))>=Ngưỡng!$B$21,"Căng mức 5 liên tiếp, hỏi riêng; ","")&IF(COUNTIFS('Nhật ký'!$A$2:$A$281,$A21,'Nhật ký'!$H$2:$H$281,"Lo hồi hộp")>=Ngưỡng!$B$22,"Lo hồi hộp nhiều đêm, gợi ý người thật; ","")&IF(SUMPRODUCT(MAX(('Nhật ký'!$A$2:$A$281=$A21)*('Nhật ký'!$V$2:$V$281)))>=Ngưỡng!$B$23,"Tỉnh đêm kéo dài, gợi ý khám; ","")&IF(SUMPRODUCT(MAX(('Nhật ký'!$A$2:$A$281=$A21)*('Nhật ký'!$W$2:$W$281)))>=Ngưỡng!$B$24,"Thiếu dữ liệu nhiều ngày, hỏi một câu; ","")) | W21: =COUNTIFS('Nhật ký'!$A$2:$A$281,$A21,'Nhật ký'!$J$2:$J$281,"Việc",'Nhật ký'!$Q$2:$Q$281,1) -> 0 | X21: =COUNTIFS('Nhật ký'!$A$2:$A$281,$A21,'Nhật ký'!$J$2:$J$281,"Tiền",'Nhật ký'!$Q$2:$Q$281,1) -> 0 | Y21: =COUNTIFS('Nhật ký'!$A$2:$A$281,$A21,'Nhật ký'!$J$2:$J$281,"Người",'Nhật ký'!$Q$2:$Q$281,1) -> 0 | Z21: =COUNTIFS('Nhật ký'!$A$2:$A$281,$A21,'Nhật ký'!$J$2:$J$281,"Không rõ",'Nhật ký'!$Q$2:$Q$281,1) -> 0 | AA21: =IFERROR(AVERAGEIFS('Nhật ký'!$X$2:$X$281,'Nhật ký'!$A$2:$A$281,$A21,'Nhật ký'!$C$2:$C$281,2),"")
A23: Cột W đến Z (ẩn) đếm nguồn căng trong các ngày căng. Cột AA là điểm ngủ thuần (vào giấc và tỉnh đêm, bỏ sáng dậy) để nhận ra người ngủ tốt mà vẫn mệt. Tất cả ngưỡng lấy từ trang Ngưỡng.

Sheet Lịch 14 đêm
A1: Lịch 14 đêm của một người (màn hình 'Xem 14 đêm của tôi')
A2: Nhập mã người: | B2: P01
A4: Ngày | B4: 1 | C4: 2 | D4: 3 | E4: 4 | F4: 5 | G4: 6 | H4: 7 | I4: 8 | J4: 9 | K4: 10 | L4: 11 | M4: 12 | N4: 13 | O4: 14
A5: Điểm Sáng | B5: =IFERROR(INDEX('Nhật ký'!$N$2:$N$281,MATCH($B$2,'Nhật ký'!$A$2:$A$281,0)+B$4-1),"") -> 30 | C5: =IFERROR(INDEX('Nhật ký'!$N$2:$N$281,MATCH($B$2,'Nhật ký'!$A$2:$A$281,0)+C$4-1),"") -> 50 | D5: =IFERROR(INDEX('Nhật ký'!$N$2:$N$281,MATCH($B$2,'Nhật ký'!$A$2:$A$281,0)+D$4-1),"") -> 20 | E5: =IFERROR(INDEX('Nhật ký'!$N$2:$N$281,MATCH($B$2,'Nhật ký'!$A$2:$A$281,0)+E$4-1),"") -> 60 | F5: =IFERROR(INDEX('Nhật ký'!$N$2:$N$281,MATCH($B$2,'Nhật ký'!$A$2:$A$281,0)+F$4-1),"") -> 30 | G5: =IFERROR(INDEX('Nhật ký'!$N$2:$N$281,MATCH($B$2,'Nhật ký'!$A$2:$A$281,0)+G$4-1),"") -> 70 | H5: =IFERROR(INDEX('Nhật ký'!$N$2:$N$281,MATCH($B$2,'Nhật ký'!$A$2:$A$281,0)+H$4-1),"") -> 80 | I5: =IFERROR(INDEX('Nhật ký'!$N$2:$N$281,MATCH($B$2,'Nhật ký'!$A$2:$A$281,0)+I$4-1),"") -> 50 | ... O5: =IFERROR(INDEX('Nhật ký'!$N$2:$N$281,MATCH($B$2,'Nhật ký'!$A$2:$A$281,0)+O$4-1),"") -> 60
A6: Đêm vỡ (1) | B6: =IFERROR(INDEX('Nhật ký'!$P$2:$P$281,MATCH($B$2,'Nhật ký'!$A$2:$A$281,0)+B$4-1),"") -> 1 | C6: =IFERROR(INDEX('Nhật ký'!$P$2:$P$281,MATCH($B$2,'Nhật ký'!$A$2:$A$281,0)+C$4-1),"") -> 1 | D6: =IFERROR(INDEX('Nhật ký'!$P$2:$P$281,MATCH($B$2,'Nhật ký'!$A$2:$A$281,0)+D$4-1),"") -> 1 | E6: =IFERROR(INDEX('Nhật ký'!$P$2:$P$281,MATCH($B$2,'Nhật ký'!$A$2:$A$281,0)+E$4-1),"") -> 0 | F6: =IFERROR(INDEX('Nhật ký'!$P$2:$P$281,MATCH($B$2,'Nhật ký'!$A$2:$A$281,0)+F$4-1),"") -> 1 | G6: =IFERROR(INDEX('Nhật ký'!$P$2:$P$281,MATCH($B$2,'Nhật ký'!$A$2:$A$281,0)+G$4-1),"") -> 0 | H6: =IFERROR(INDEX('Nhật ký'!$P$2:$P$281,MATCH($B$2,'Nhật ký'!$A$2:$A$281,0)+H$4-1),"") -> 0 | I6: =IFERROR(INDEX('Nhật ký'!$P$2:$P$281,MATCH($B$2,'Nhật ký'!$A$2:$A$281,0)+I$4-1),"") -> 1 | ... O6: =IFERROR(INDEX('Nhật ký'!$P$2:$P$281,MATCH($B$2,'Nhật ký'!$A$2:$A$281,0)+O$4-1),"") -> 0
A7: Căng (1-5) | B7: =IFERROR(INDEX('Nhật ký'!$I$2:$I$281,MATCH($B$2,'Nhật ký'!$A$2:$A$281,0)+B$4-1),"") -> 4 | C7: =IFERROR(INDEX('Nhật ký'!$I$2:$I$281,MATCH($B$2,'Nhật ký'!$A$2:$A$281,0)+C$4-1),"") -> 2 | D7: =IFERROR(INDEX('Nhật ký'!$I$2:$I$281,MATCH($B$2,'Nhật ký'!$A$2:$A$281,0)+D$4-1),"") -> 5 | E7: =IFERROR(INDEX('Nhật ký'!$I$2:$I$281,MATCH($B$2,'Nhật ký'!$A$2:$A$281,0)+E$4-1),"") -> 3 | F7: =IFERROR(INDEX('Nhật ký'!$I$2:$I$281,MATCH($B$2,'Nhật ký'!$A$2:$A$281,0)+F$4-1),"") -> 4 | G7: =IFERROR(INDEX('Nhật ký'!$I$2:$I$281,MATCH($B$2,'Nhật ký'!$A$2:$A$281,0)+G$4-1),"") -> 2 | H7: =IFERROR(INDEX('Nhật ký'!$I$2:$I$281,MATCH($B$2,'Nhật ký'!$A$2:$A$281,0)+H$4-1),"") -> 2 | I7: =IFERROR(INDEX('Nhật ký'!$I$2:$I$281,MATCH($B$2,'Nhật ký'!$A$2:$A$281,0)+I$4-1),"") -> 4 | ... O7: =IFERROR(INDEX('Nhật ký'!$I$2:$I$281,MATCH($B$2,'Nhật ký'!$A$2:$A$281,0)+O$4-1),"") -> 4
A8: Đầu trước ngủ | B8: =IFERROR(INDEX('Nhật ký'!$H$2:$H$281,MATCH($B$2,'Nhật ký'!$A$2:$A$281,0)+B$4-1),"") -> Nghĩ nhiều | C8: =IFERROR(INDEX('Nhật ký'!$H$2:$H$281,MATCH($B$2,'Nhật ký'!$A$2:$A$281,0)+C$4-1),"") -> Yên | D8: =IFERROR(INDEX('Nhật ký'!$H$2:$H$281,MATCH($B$2,'Nhật ký'!$A$2:$A$281,0)+D$4-1),"") -> Bực | E8: =IFERROR(INDEX('Nhật ký'!$H$2:$H$281,MATCH($B$2,'Nhật ký'!$A$2:$A$281,0)+E$4-1),"") -> Yên | F8: =IFERROR(INDEX('Nhật ký'!$H$2:$H$281,MATCH($B$2,'Nhật ký'!$A$2:$A$281,0)+F$4-1),"") -> Nghĩ nhiều | G8: =IFERROR(INDEX('Nhật ký'!$H$2:$H$281,MATCH($B$2,'Nhật ký'!$A$2:$A$281,0)+G$4-1),"") -> Yên | H8: =IFERROR(INDEX('Nhật ký'!$H$2:$H$281,MATCH($B$2,'Nhật ký'!$A$2:$A$281,0)+H$4-1),"") -> Yên | I8: =IFERROR(INDEX('Nhật ký'!$H$2:$H$281,MATCH($B$2,'Nhật ký'!$A$2:$A$281,0)+I$4-1),"") -> Nghĩ nhiều | ... O8: =IFERROR(INDEX('Nhật ký'!$H$2:$H$281,MATCH($B$2,'Nhật ký'!$A$2:$A$281,0)+O$4-1),"") -> Nghĩ nhiều
A9: Giờ ăn tối | B9: =IFERROR(INDEX('Nhật ký'!$K$2:$K$281,MATCH($B$2,'Nhật ký'!$A$2:$A$281,0)+B$4-1),"") -> 0.85416667 | C9: =IFERROR(INDEX('Nhật ký'!$K$2:$K$281,MATCH($B$2,'Nhật ký'!$A$2:$A$281,0)+C$4-1),"") -> 0.8125 | D9: =IFERROR(INDEX('Nhật ký'!$K$2:$K$281,MATCH($B$2,'Nhật ký'!$A$2:$A$281,0)+D$4-1),"") -> 0.875 | E9: =IFERROR(INDEX('Nhật ký'!$K$2:$K$281,MATCH($B$2,'Nhật ký'!$A$2:$A$281,0)+E$4-1),"") -> 0.82291667 | F9: =IFERROR(INDEX('Nhật ký'!$K$2:$K$281,MATCH($B$2,'Nhật ký'!$A$2:$A$281,0)+F$4-1),"") -> 0.83333333 | G9: =IFERROR(INDEX('Nhật ký'!$K$2:$K$281,MATCH($B$2,'Nhật ký'!$A$2:$A$281,0)+G$4-1),"") -> 0.80208333 | H9: =IFERROR(INDEX('Nhật ký'!$K$2:$K$281,MATCH($B$2,'Nhật ký'!$A$2:$A$281,0)+H$4-1),"") -> 0.79166667 | I9: =IFERROR(INDEX('Nhật ký'!$K$2:$K$281,MATCH($B$2,'Nhật ký'!$A$2:$A$281,0)+I$4-1),"") -> 0.8125 | ... O9: =IFERROR(INDEX('Nhật ký'!$K$2:$K$281,MATCH($B$2,'Nhật ký'!$A$2:$A$281,0)+O$4-1),"") -> 0.8125
A10: Giờ tắt đèn | B10: =IFERROR(INDEX('Nhật ký'!$L$2:$L$281,MATCH($B$2,'Nhật ký'!$A$2:$A$281,0)+B$4-1),"") -> 0.010416667 | C10: =IFERROR(INDEX('Nhật ký'!$L$2:$L$281,MATCH($B$2,'Nhật ký'!$A$2:$A$281,0)+C$4-1),"") -> 0.98611111 | D10: =IFERROR(INDEX('Nhật ký'!$L$2:$L$281,MATCH($B$2,'Nhật ký'!$A$2:$A$281,0)+D$4-1),"") -> 0.020833333 | E10: =IFERROR(INDEX('Nhật ký'!$L$2:$L$281,MATCH($B$2,'Nhật ký'!$A$2:$A$281,0)+E$4-1),"") -> 0.97916667 | F10: =IFERROR(INDEX('Nhật ký'!$L$2:$L$281,MATCH($B$2,'Nhật ký'!$A$2:$A$281,0)+F$4-1),"") -> 0 | G10: =IFERROR(INDEX('Nhật ký'!$L$2:$L$281,MATCH($B$2,'Nhật ký'!$A$2:$A$281,0)+G$4-1),"") -> 0.96875 | H10: =IFERROR(INDEX('Nhật ký'!$L$2:$L$281,MATCH($B$2,'Nhật ký'!$A$2:$A$281,0)+H$4-1),"") -> 0.95833333 | I10: =IFERROR(INDEX('Nhật ký'!$L$2:$L$281,MATCH($B$2,'Nhật ký'!$A$2:$A$281,0)+I$4-1),"") -> 0.97916667 | ... O10: =IFERROR(INDEX('Nhật ký'!$L$2:$L$281,MATCH($B$2,'Nhật ký'!$A$2:$A$281,0)+O$4-1),"") -> 0.97222222
A11: Sáng dậy (1-5) | B11: =IFERROR(INDEX('Nhật ký'!$G$2:$G$281,MATCH($B$2,'Nhật ký'!$A$2:$A$281,0)+B$4-1),"") -> 2 | C11: =IFERROR(INDEX('Nhật ký'!$G$2:$G$281,MATCH($B$2,'Nhật ký'!$A$2:$A$281,0)+C$4-1),"") -> 3 | D11: =IFERROR(INDEX('Nhật ký'!$G$2:$G$281,MATCH($B$2,'Nhật ký'!$A$2:$A$281,0)+D$4-1),"") -> 2 | E11: =IFERROR(INDEX('Nhật ký'!$G$2:$G$281,MATCH($B$2,'Nhật ký'!$A$2:$A$281,0)+E$4-1),"") -> 3 | F11: =IFERROR(INDEX('Nhật ký'!$G$2:$G$281,MATCH($B$2,'Nhật ký'!$A$2:$A$281,0)+F$4-1),"") -> 2 | G11: =IFERROR(INDEX('Nhật ký'!$G$2:$G$281,MATCH($B$2,'Nhật ký'!$A$2:$A$281,0)+G$4-1),"") -> 3 | H11: =IFERROR(INDEX('Nhật ký'!$G$2:$G$281,MATCH($B$2,'Nhật ký'!$A$2:$A$281,0)+H$4-1),"") -> 4 | I11: =IFERROR(INDEX('Nhật ký'!$G$2:$G$281,MATCH($B$2,'Nhật ký'!$A$2:$A$281,0)+I$4-1),"") -> 3 | ... O11: =IFERROR(INDEX('Nhật ký'!$G$2:$G$281,MATCH($B$2,'Nhật ký'!$A$2:$A$281,0)+O$4-1),"") -> 3
A13: Kết luận ngày 15: | B13: =IFERROR(INDEX('Tổng kết'!$T$2:$T$21,MATCH($B$2,'Tổng kết'!$A$2:$A$21,0)),"") -> Mời Xả áp lực
A14: Lời mời của AN: | B14: =IFERROR(INDEX('Tổng kết'!$U$2:$U$21,MATCH($B$2,'Tổng kết'!$A$2:$A$21,0)),"") -> 14 đêm qua, giấc ngủ của bạn lên từ 49 lên 67 điểm. Nhưng 5 trong 6 đêm vỡ rơi đúng vào ngày bạn chấm căng từ 4, và phần lớn là căng vì Việc. Gốc rễ giờ nằm ở ban ngày, mình sang Xả áp lực nhé?
A18: Ô tối là đêm vỡ, ô đỏ là ngày căng. Nhìn hai hàng này cạnh nhau là thấy liên kết mà AN sẽ nói.

Sheet Tổng quan
A1: Tổng quan phép thử 20 người
A3: Số người có dữ liệu | B3: =COUNTIF('Tổng kết'!$B$2:$B$21,">0") -> 2
A4: Số người đủ 10 ngày dữ liệu | B4: =COUNTIF('Tổng kết'!$B$2:$B$21,">="&Ngưỡng!$B$8) -> 2
A5: Số người ngủ bám rễ | B5: =COUNTIF('Tổng kết'!$H$2:$H$21,"Có") -> 1
A6: Tỷ lệ bám rễ trên người có dữ liệu | B6: =IFERROR(B5/B3,0) -> 0.5
A7: Mời Xả áp lực | B7: =COUNTIF('Tổng kết'!$T$2:$T$21,"Mời Xả áp lực") -> 1
A8: Mời Hồi sinh lực | B8: =COUNTIF('Tổng kết'!$T$2:$T$21,"Mời Hồi sinh lực") -> 1
A9: Vào Cổng Khỏe | B9: =COUNTIF('Tổng kết'!$T$2:$T$21,"Vào Cổng Khỏe") -> 0
A10: Gốc tiêu hóa, ở lại Ngủ | B10: =COUNTIF('Tổng kết'!$T$2:$T$21,"Gốc*") -> 0
A11: Chưa bám rễ, gia hạn | B11: =COUNTIF('Tổng kết'!$T$2:$T$21,"Chưa bám rễ*") -> 0
A12: Chưa đủ dữ liệu | B12: =COUNTIF('Tổng kết'!$T$2:$T$21,"Chưa đủ*") -> 0
A13: Điểm TB tuần 1 (cả nhóm) | B13: =IFERROR(AVERAGE('Tổng kết'!$D$2:$D$21),"") -> 46.428571
A14: Điểm TB tuần 2 (cả nhóm) | B14: =IFERROR(AVERAGE('Tổng kết'!$E$2:$E$21),"") -> 67.142857
A16: Mũi khoan đúng khi: tỷ lệ bám rễ trên 50% và người bám rễ tự kể cho bạn bè. Nếu không, đổi Việc Tối, không đổi mũi khoan.
